;5;10;15;20;25;30;35;40;45;50;55;60;65;70;75;80;85;90;95;100;105;110;115;120;125;130;135;140;145;150;155;160;165;170;175;180;185;190;195;200;205;210;215;220;225;230;235;240;245;250;255;260;265;270;275;280;285;290;295;300;305;310;315;320;325;330;335;340;345;350;355;360
bbc.co.uk;0.025593172287356636;0.04724501557800008;0.03230797992035035;0.06323014653712161;0.04789426465863776;0.0377333099939924;0.02337687073629077;0.044651710842760636;0.016326668850934232;0.04999704783530418;0.0658356604092345;0.06919259953819266;0.03783595350214542;0.000740809840592171;0.053651465913509076;0.05624958340111666;0.04621880944250386;0.02604816457194261;0.00286484073775746;0.054209578304801526;0.02646638224867791;0.0;0.019504598569829255;0.05632087774442876;0.037570160051967255;0.0;0.0;0.0;0.0;0.0;0.0;0.0;0.0;0.0;0.0;0.0;0.0;0.0;0.0;0.0;0.0;0.0;0.0;0.0;0.0;0.0;0.0;0.0;0.0;0.0;0.0;0.0;0.0;0.0;0.0;0.0;0.0;0.0;0.0;0.0;0.0;0.0;0.0;0.0;0.0;0.0;0.0;0.0;0.0;0.0;0.0;0.05893432848255216
bbc.com;0.0384690231313508;0.010460393457578715;0.010776345069384857;0.04374906177682011;0.0;0.043315593813821565;0.014719849288937216;0.012437074926532482;0.05678908423402328;0.0207094875111753;0.029790308668257468;0.05010345578296295;0.020388488718189414;0.04725792616483192;0.03929323997758274;0.04032536894153284;0.040373859445719404;0.012292038247857708;0.03719244949423494;0.0369642727186853;0.0018418926731735247;0.02619859554645039;0.02487646057152671;0.004223124568373266;0.02785659438365204;0.054248246286958506;0.026466071214156082;0.022843698441722682;0.028884199823404736;0.04616387508763178;0.049509633857422485;0.003640196882733922;0.027669691680253426;0.0;0.0;0.0;0.0;0.0;0.0;0.0;0.0;0.0;0.0;0.0;0.0;0.0;0.0;0.0;0.0;0.0;0.0;0.0;0.0;0.0;0.0;0.0;0.0;0.0;0.0;0.0;0.0;0.0;0.0;0.0;0.0;0.0;0.0;0.0;0.0;0.0;0.0;0.0501703976130616
nytimes.com;0.018065884371937863;0.012229462952674396;0.008926767992957885;0.0042495065781918695;0.009824971263638373;0.011386900673464963;0.006143580571392608;0.0006319714114257175;0.03214733559669376;0.009126127898996444;0.004292563240531112;0.00805283806402583;0.030474359666546574;0.018145251489799983;0.010530232766889743;0.018279692055586647;0.01942173793079336;0.0019182146420901407;0.02020645735888163;0.027011388893546408;0.014718372875659632;0.0005638636443554433;0.004936142008118429;0.02617821760430331;0.021562577690720883;0.0009904777391642932;0.013329781640783871;0.029911846513718636;0.0032244733985754745;0.020157121448719718;0.012854303053473473;0.021840684684531247;0.02866912779735257;0.015751752583885066;0.003697738453832729;0.020450354534218267;0.011401378942082823;0.02575050842361213;0.028114501687693475;0.01993491422545919;0.0052751622849361215;0.02177581695084092;0.014405133033284709;0.03018769311401586;0.017465810222110252;0.002730325642338352;0.013841087453521096;0.0058486709965831435;0.010141839663126193;0.005549808531682171;0.014815993895552725;0.003172358186230077;0.0283691633395816;0.017062253031877004;0.009079245009780924;0.0167012656448138;0.026019639664664102;0.02900353779535965;0.006122345739781105;0.013201106515021164;0.030110457915500793;0.0;0.025558567617925947;0.024476404843590233;0.0066235493095644325;0.007635711235164995;0.010295200061121269;0.0;0.0;0.0;0.0;0.009428467931705273
cnn.com;0.008122900120969608;0.012531879035735391;0.00414254545461425;0.02404670907501512;0.028271290814513794;0.02867590086793594;0.033400844150844725;0.000289878255061986;0.015515552211756125;0.0014904765877148157;0.006753192435459394;0.0254109628167166;0.01589880417821959;0.002937324528372779;0.014605686275481275;0.032748745781763934;0.002741975608007785;0.019380883880410985;0.004888299661511412;0.006076109941931287;0.019182730611628226;0.003539164539505582;0.01435640320760689;0.01423122313651466;0.010460881830066372;0.029902944464062293;0.03196928518048376;0.016954641329238247;0.02395316870829359;0.008251641789563854;0.019230213860321137;0.0004956385263622658;0.011225391934297124;0.01084305882853674;0.008513318378891677;0.007617883738000599;0.028341232849286906;0.009440783060125751;0.0027824098325137906;0.018894885977602572;0.012358894046155642;0.004916733002076752;0.00011899876914030069;0.02833201481525795;0.020934712115428442;0.001367360306685116;0.031189202062047464;0.026567443423643464;0.033425010711360316;0.017866503766069415;0.008864757017992202;0.027454975821172633;0.005469544410451027;0.013843330486312137;0.02429859978027743;0.0;0.016744457749363187;0.019088557615315214;0.026563239132417912;0.028684237277709856;0.024527355897056017;0.028394439539735125;0.0;0.0;0.0;0.0;0.0;0.0;0.0;0.0;0.0;0.020872768789392846
dailymail.co.uk;0.02156022538602959;0.024230536951476804;0.016072161825294085;0.022140598277666103;0.021105974882704596;0.014397961503333029;0.018732864509199164;0.022848655958126945;0.004259216022206185;0.007180800442622867;0.021277474891507574;0.024667393692470518;0.02333084144145441;0.016782025443331957;0.016300822199666262;0.0188812480371993;0.017459535337862493;0.015325792451920188;0.004923410603198565;0.008710509201760265;0.003388826232057261;0.005694898094180805;0.00485111464250136;0.010138251399349377;0.017637844905974177;0.023687030948468663;0.024995369765034012;0.019694350591342842;0.001604114208577374;0.0030964767850680925;0.02441851926081826;0.02607993972614024;0.019825448413662;0.019908194460842615;0.016484028346562353;0.014608511824999618;0.012379488009875702;0.005090899956898751;0.0233753349664421;0.02386681805837749;0.025682681462608388;0.025329791503707497;0.004035767380185223;0.02022750829462503;0.0045933569549051105;0.014326805914978397;0.010751693728364629;0.020585956621809075;0.016249800065482482;0.018787573809547247;0.020538219589670843;0.02319434317599857;0.004474770092407804;0.019284093415173457;0.014153851699055952;0.02171406009463529;0.01852568959793526;0.002715153651384561;0.014726044427930135;0.0001320748354743172;0.02314588148676196;0.002735689019230977;0.0;0.020787334429130354;0.0;0.0;0.0;0.0;0.0;0.0;0.0;0.01228834909279354
theguardian.com;0.004341001834290479;0.003291969915949615;0.016332441260856333;0.01916227547626984;0.00667123555654269;0.0160137932398484;0.0012881449186824794;0.004641439509849251;0.02592176129843766;0.02006192875355133;0.027640906146447698;0.015453388669433115;0.014567710477733632;0.02041157108916781;0.021835660078722417;0.011229274559858102;0.01606747470893261;0.018770465578999914;0.011527920560895171;0.007593031124587321;0.027983066783974338;0.02587018400658976;0.022628289798458386;0.024460671306834863;0.017739361027597024;0.006206964872292208;0.02480845162937071;0.022345941731886;0.012972257217175685;0.01325855735432698;0.02644371643187761;0.03092988980593969;0.02332346898137327;0.0057982028192439935;0.01951492037654263;0.01222549534173156;0.0072028830424012424;0.031375719125407424;0.017744897110052216;0.025691711677163616;0.011983468008430021;0.024275958619116543;0.009004765270182987;0.01642592971473463;0.01956994589648082;0.007553247639960799;0.021446294972966153;0.026968348574569548;0.02740057384558049;0.029084712771328982;0.00598465118203789;0.0009259291664674722;0.025550071515798856;0.013546240107621642;0.028823438570203273;0.016437896627954064;0.016922316052510784;0.0;0.0;0.0;0.0;0.0;0.0;0.0;0.0;0.0;0.0;0.0;0.0;0.0;0.0;0.01674816626476026
foxnews.com;0.024341127787291868;0.020028442408546704;0.045437807079531184;0.004917364282330242;0.015892048498406558;0.03926324248233339;0.031245007219215918;0.0020807183683302275;0.019980826784077088;0.04526665765518706;0.014052967064789609;0.017065415679487102;0.006507450273393643;0.030648008485357658;0.028903652748226625;0.03992972414875223;0.028540146446399756;0.018703202041503098;0.042740099664169764;0.007316666605413181;0.01794785265845715;0.04420356802302405;0.016545089280596212;0.03965281253122504;0.034375076184460555;0.005860359669494597;0.04141730069557164;0.010108262583008171;0.023573534642020513;0.03496903450058278;0.012977891028653285;0.01811377981275652;0.024949492496892718;0.043962202776032265;0.03726936395142718;0.0;0.02852290477546392;0.03977592903769946;0.0;0.0;0.0;0.0;0.0;0.0;0.0;0.0;0.0;0.0;0.0;0.0;0.0;0.0;0.0;0.0;0.0;0.0;0.0;0.0;0.0;0.0;0.0;0.0;0.0;0.0;0.0;0.0;0.0;0.0;0.0;0.0;0.0;0.042914969629891116
news.yahoo.com;0.358106683233459;0.0;0.0;0.0;0.0;0.0;0.0;0.0;0.0;0.0;0.0;0.0;0.0;0.0;0.0;0.0;0.0;0.0;0.0;0.0;0.0;0.0;0.0;0.0;0.0;0.0;0.0;0.0;0.0;0.0;0.0;0.0;0.0;0.0;0.0;0.0;0.0;0.0;0.0;0.0;0.0;0.0;0.0;0.0;0.0;0.0;0.0;0.0;0.0;0.0;0.0;0.0;0.0;0.0;0.0;0.0;0.0;0.0;0.0;0.0;0.0;0.0;0.0;0.0;0.0;0.0;0.0;0.0;0.0;0.0;0.0;0.641893316766541
finance.yahoo.com;0.04107645346509186;0.016869173068382756;0.02865026691474035;0.011835107506128529;0.008876882979893837;0.04783962622710889;0.029768256562420138;0.016499158483998303;0.028783397746802507;0.021332299423988902;0.01702821661100559;0.0472080004871448;0.030496626088861105;0.019162701024664983;0.036399576182044806;0.015398385039611837;0.0076710229865223955;0.03784392962599214;0.03952058643857012;0.047387751722487936;0.01232699966755318;0.05110517745321296;0.019478546288312137;0.01653783843796399;0.036133330012305384;0.03638407829453588;0.03620267154777169;0.0020948451972998237;0.04249022963564743;0.03855812586102052;0.03463509548051438;0.022732642216510127;0.022952987039455457;0.017680377309103417;0.04192945776696194;0.0;0.0;0.0;0.0;0.0;0.0;0.0;0.0;0.0;0.0;0.0;0.0;0.0;0.0;0.0;0.0;0.0;0.0;0.0;0.0;0.0;0.0;0.0;0.0;0.0;0.0;0.0;0.0;0.0;0.0;0.0;0.0;0.0;0.0;0.0;0.0;0.019110179206369673
indiatimes.com;0.015344038158794007;0.022738415843800455;0.026119918532245386;0.019689255722649547;0.004161184872695174;0.02614829141666849;0.005609881295495444;0.02156307716597763;0.020920655983692082;0.027584107679280892;0.02133260737107773;0.002936387280537116;0.01656425039213204;0.027267633183311327;0.012796756387272191;0.013971780168331994;0.016107843017664814;0.02502656929653467;0.012487077165478063;0.010903029893751807;0.01940043589423653;0.008708918782271377;0.02290982715747528;0.011571623702179987;0.011535896667089464;0.02321004545472175;0.008702444843397357;0.024022800422298974;0.01595930513635731;0.009896458193399793;0.012068559731320563;0.005518374707182903;0.01814706032768725;0.0160766987684098;0.0056529111934788675;0.002346456655584128;0.010881248720596324;0.02669124014088901;0.007960367382094859;0.020713418957438338;0.02757994193551477;0.01746001724577763;0.023671051848764852;0.00837138668153863;0.0029945541032718203;0.02734390843061041;0.018577452454871548;0.0057514744705460955;0.027184179231666154;0.016299587362298976;0.010100196920105829;0.01249742685413947;0.0271298910213726;0.026370688554538595;0.027825564866818513;0.016491883160269925;0.008341285589062592;0.007925401813040295;0.023862402823881863;0.006806723638112594;0.0;0.02414104127474892;0.0;0.0;0.0;0.0;0.0;0.0;0.0;0.0;0.0;0.0020270860535472226
timesofindia.com;0.020946036059315387;0.07212767873860806;0.03474630604639608;0.004326030661759861;0.02219291509553816;0.06728121754335113;0.04803936367758111;0.0007371291442500241;0.0456809483546671;0.020507111261706304;0.03895184685463712;0.08120047443119296;0.06884025330679276;0.0009986814940901132;0.02480835250226307;0.0004559424670264661;0.0323276250259961;0.04718542396763064;0.06603096071374928;0.07530225106037564;0.053633925155399824;0.07256049166893441;0.03947244410733129;0.0;0.0;0.0;0.0;0.0;0.0;0.0;0.0;0.0;0.0;0.0;0.0;0.0;0.0;0.0;0.0;0.0;0.0;0.0;0.0;0.0;0.0;0.0;0.0;0.0;0.0;0.0;0.0;0.0;0.0;0.0;0.0;0.0;0.0;0.0;0.0;0.0;0.0;0.0;0.0;0.0;0.0;0.0;0.0;0.0;0.0;0.0;0.0;0.06164659066140711
usatoday.com;0.2409826440965809;0.04378488798812484;0.0067704186718338215;0.18280700852556328;0.08316006345426263;0.2864055580479633;0.0;0.049465615649325036;0.0;0.0;0.0;0.0;0.0;0.0;0.0;0.0;0.0;0.0;0.0;0.0;0.0;0.0;0.0;0.0;0.0;0.0;0.0;0.0;0.0;0.0;0.0;0.0;0.0;0.0;0.0;0.0;0.0;0.0;0.0;0.0;0.0;0.0;0.0;0.0;0.0;0.0;0.0;0.0;0.0;0.0;0.0;0.0;0.0;0.0;0.0;0.0;0.0;0.0;0.0;0.0;0.0;0.0;0.0;0.0;0.0;0.0;0.0;0.0;0.0;0.0;0.0;0.10662380356634628
the-sun.com;0.051043048440702565;0.044162703454398516;0.03738977710300169;0.014169959268607313;0.03947768228196845;0.04641978950341685;0.03560730771257903;0.019250715395041633;0.04442638174749279;0.03491780619376772;0.04269737485528246;0.05007983256002962;0.0432468992527929;0.002823628803721194;0.04487554061477965;0.01971310258554621;0.039526682081455794;0.00405479673220726;0.05136159729338704;0.0029005533210640336;0.008780751694438677;0.022912664785969615;0.02580295515347676;0.016651116805649072;0.0391277861498169;0.008495748065811487;0.04167312018280564;0.0015942436213642003;0.04964790364839778;0.006998403665486493;0.0;0.03680032366432208;0.0456373204495836;0.0;0.0;0.0;0.0;0.0;0.0;0.0;0.0;0.0;0.0;0.0;0.0;0.0;0.0;0.0;0.0;0.0;0.0;0.0;0.0;0.0;0.0;0.0;0.0;0.0;0.0;0.0;0.0;0.0;0.0;0.0;0.0;0.0;0.0;0.0;0.0;0.0;0.0;0.027732482911634826
nypost.com;0.008337351358111544;0.026523506418193298;0.01885662286229181;0.003927360370353592;0.02573395560221223;0.009972921301176649;0.018572736679442356;0.009784209846517358;0.0114453458013443;0.009530823226859756;0.0037707635775543523;0.021288475481973327;0.008795383325156279;0.026527975824154896;0.030821142164950393;0.018509751209235047;0.017917762449445134;0.017037359134021234;0.03267001540384668;0.01822800277927276;0.02552429131611014;0.009673336028649377;0.005470441342158595;0.008394285776219305;0.001037176893882474;0.014627266358553156;0.00531031968405959;0.01607327890650539;0.010752664109324891;0.02648439227245212;0.02792578686227751;0.008238055062163263;0.004785368195467285;0.014144689647670197;0.0030538567705424608;0.026679037664669072;0.008767624423262085;0.012361423813420019;0.03200627266777343;0.008725839261462334;0.01339386527112084;0.01388802331630949;0.021793726079014385;0.02830160830234712;0.02089990438561969;0.007368316671231195;0.03135045064483623;0.0010162526258005722;0.0003231851979739482;0.017086605277560243;0.010678156780598545;0.01183047132473458;0.031004636563991543;0.02149659981729276;0.028844882571099326;0.002160855263364439;0.022911706754979298;0.007372038131880794;0.02870084354036574;0.0;0.022284745278128057;0.02369361151689553;0.0;0.0;0.0;0.0;0.0;0.0;0.0;0.0;0.0;0.025312642812119958
hindustantimes.com;0.0;0.047439198926669784;0.06663242615620477;0.03586725852770122;0.1020344141966361;0.1986632246924828;0.150827108514183;0.11168057271818457;0.18625365450396375;0.0;0.0;0.0;0.0;0.0;0.0;0.0;0.0;0.0;0.0;0.0;0.0;0.0;0.0;0.0;0.0;0.0;0.0;0.0;0.0;0.0;0.0;0.0;0.0;0.0;0.0;0.0;0.0;0.0;0.0;0.0;0.0;0.0;0.0;0.0;0.0;0.0;0.0;0.0;0.0;0.0;0.0;0.0;0.0;0.0;0.0;0.0;0.0;0.0;0.0;0.0;0.0;0.0;0.0;0.0;0.0;0.0;0.0;0.0;0.0;0.0;0.0;0.10060214176397404
news18.com;0.0022647058672862503;0.02642101412877271;0.01760884513835864;0.031349249765638486;0.014802429286392181;0.01463078560536881;0.02159550446188804;0.028767481096152812;0.02413143374839401;0.018153550580900197;0.02447774767898454;0.03409094303323736;0.0253209561745258;0.021851381001204182;0.032861569633679984;0.012636149382013823;0.01671830681235789;0.023100728811657;0.016354635644497836;0.024922563127281583;0.023579254365247118;0.0005250145558894205;0.0034609864767805253;0.025071605076889783;0.03182686751552158;0.035022167590819525;0.0021276518195554174;0.008397063688981172;0.0018718826697084094;0.008457159896388315;0.00497394475498125;0.02133626813075282;0.031357520126981835;0.024242066934221228;0.03128944869972666;0.007828925813205224;0.01635261320805616;0.0075337853477852375;0.01784765919280134;0.031324431302266316;0.015026439693375294;0.007762896045410555;0.021473541652427902;0.013336382848215846;0.028279336624601338;0.007885230966896287;0.00141364590607945;0.017572884500136422;0.01177045221182087;0.025483652163939385;0.02353331142387301;0.01031317992967942;0.0;0.0018529225185469746;0.003477002931879817;0.009996318304171952;0.030015832673997125;0.0;0.0;0.0;0.0;0.0;0.0;0.0;0.0;0.0;0.0;0.0;0.0;0.0;0.0;0.004320671459796913
forbes.com;0.03642074820852639;0.028648578290773673;0.03757089211271045;0.0397606961431566;0.03807686513894384;0.036591473444986936;0.013179232215027679;0.02308379856861475;0.015527517333640531;0.010783896196765973;0.03608627477949796;0.008781472761071505;0.02400577512654435;0.0034091872564918084;0.0;0.020794736599362186;0.024572587184020302;0.03337442711677795;0.003663606305316296;0.023488069699683985;0.020785949885577186;0.030947155766790867;0.008388940887397707;0.032723391231872095;0.013371814270470534;0.01608844644478425;0.02313552108112604;0.01586897940967539;0.02436761241948729;0.026182718341558858;0.02618578263846532;0.007584797928744049;0.02061105561623946;0.0389698736137802;0.03867341441795088;0.03357932193791504;0.03752007564864912;0.0015285637366013315;0.0074571522328516;0.0168705127624435;0.040947775067195526;0.031352407695303924;0.017949974082397683;0.0;0.0;0.0;0.0;0.0;0.0;0.0;0.0;0.0;0.0;0.0;0.0;0.0;0.0;0.0;0.0;0.0;0.0;0.0;0.0;0.0;0.0;0.0;0.0;0.0;0.0;0.0;0.0;0.011088928400808887
ndtv.com;0.02641759968227929;0.015263561424293132;0.0188507546383853;0.024707093817288046;0.03180960075334244;0.032747538714444524;0.002271202753621861;0.031831467389645256;0.033747892747753375;0.011060308276706414;0.0222113533437352;0.00037031491027772576;0.02894612072078709;0.01394044645834462;0.017922326577077825;0.00970803878589278;0.03160918540507776;0.011236060215425408;0.029744870562012055;0.008376218671610985;0.031512311677273655;0.007943380118327566;0.014070086032944731;0.0;0.013156813397883037;0.019682202619458824;0.03205458192614789;0.01408782030264835;0.0007251031363772597;0.011303550102443344;0.014031469485521373;0.020556632910013427;0.02538716087662228;0.017846385199190042;0.01262905007452176;0.0192459162117672;0.01011199327063242;0.002364255633734305;0.02760363076882466;0.03375590877953622;0.007409588340032113;0.01611577918096631;0.029302946572756432;0.013480796158194565;0.016171278440969758;0.025868632743315675;0.012576838670729172;0.02356178025961821;0.031399727195975335;0.00379980725146886;0.027289185717058753;0.028448323782572206;0.0;0.0;0.0;0.0;0.0;0.0;0.0;0.0;0.0;0.0;0.0;0.0;0.0;0.0;0.0;0.0;0.0;0.0;0.0;0.03373510731447305
cnbc.com;0.008083041397455984;0.020162259813325988;0.006959672490158396;0.0012114213445181179;0.021661491254236647;0.009433055794859372;0.026305264264519273;0.03373079275544068;0.00990948935681625;0.013683509788527599;0.00924260053631186;0.009006449770201182;0.0189472768901943;0.029713201807085907;0.003678685257522222;0.004654506643784046;0.03213313192427538;0.015763836948170903;0.02065139873270496;0.019723071112091897;0.0284346605467694;0.02433196533089986;0.027762387717116588;0.018854897523167758;0.03339907792726909;0.011950596968691482;0.00865209273730905;0.010802661435986136;0.019281201567348673;0.0014152674574216045;0.025210708930055205;0.0299712892960566;0.02818600831309291;0.013273495902385043;0.010803036805052114;0.014762009137074253;0.009004352084045894;0.030746822257405663;0.02383170606844238;0.030110543000597345;0.004994343656127064;0.013526373815464855;0.028475203830943444;0.02999445066982142;0.03075582109289238;0.027521706686889785;0.027497147500877152;0.025822482465732374;0.026519170851958;0.012250507046253419;0.015709762361216587;0.011718814336422984;0.02096303119080696;0.0;0.0;0.0;0.0;0.0;0.0;0.0;0.0;0.0;0.0;0.0;0.0;0.0;0.0;0.0;0.0;0.0;0.0;0.008812245606205629
indianexpress.com;0.00762874403369167;0.03710448211897097;0.04023774584765682;0.011979461038473024;0.04068562234088064;0.03986242473595816;0.0037412757372662017;0.01117141178588848;0.025784319602488455;0.008260395788110912;0.021900561153995864;0.03306974610190568;0.019308620332182513;0.02563971502711538;0.016710687386393346;0.030249014669770268;0.0228570264637207;0.030162398843133;0.034316400792911775;0.0014221747447164578;0.01057972459671837;0.017172818079329775;0.033252279474140084;0.001915876158164085;0.018528773504380983;0.03133141526089124;0.01935186249813976;0.03929944690793544;0.0;0.014349289020670725;0.021225090402092386;0.030261263663137673;0.017985421864596694;0.0009750746477993775;0.02565188632581563;0.01462675790782534;0.03453009058846794;0.03043944017915747;0.0008955233551924726;0.0021681338993403965;0.0416338725165642;0.008005517708928541;0.04312777571115085;0.04140358251659525;0.01657435360031172;0.0;0.0;0.0;0.0;0.0;0.0;0.0;0.0;0.0;0.0;0.0;0.0;0.0;0.0;0.0;0.0;0.0;0.0;0.0;0.0;0.0;0.0;0.0;0.0;0.0;0.0;0.022622501067423396
businessinsider.com;0.006400751519117674;0.009511236805507651;0.015534629397586534;0.002263170373397033;0.011097500345055416;0.01319066857913131;0.0051200055733780815;0.02230624367386492;0.027504290602356957;0.011597825225739437;0.035016955808540355;0.042503356440307574;0.03791036085349861;0.04138356028266371;0.012303685466453884;0.003646350423957787;0.01940445659735979;0.04043911125043449;0.027105508955623338;0.0;0.01225330796893157;0.04060954615059117;0.02274260191663672;0.005756534775477189;0.029983855646036513;0.025782725025580964;0.0222448388047634;0.000339516415453906;0.011020728739348002;0.023539008922963955;0.026352959430929527;0.0023956135515730537;0.030967623329869312;0.031173817098732338;0.02341816103468039;0.02352688847431277;0.033184761061490806;0.006208791390561918;0.014580975564678718;0.03125510838391257;0.036591594001375745;0.00011270880994544053;0.025118135074562616;0.0001876219339582012;0.010118715762328069;0.009139038619123132;0.0085594782872619;0.016569661453099176;0.021773338140912136;0.034099054893936005;0.0008198444755836433;0.0;0.0;0.0;0.0;0.0;0.0;0.0;0.0;0.0;0.0;0.0;0.0;0.0;0.0;0.0;0.0;0.0;0.0;0.0;0.0;0.03533377668741469
newsbreak.com;0.041663905242488634;0.02212549643164668;0.023927049265583984;0.029562165331187405;0.0041285474803221004;0.000643637363068688;0.031936438309029855;0.019138211742317744;0.027523001192664247;0.03801066791485345;0.04184454641943034;0.03172023078283005;0.033022219716814454;0.01208862296129322;0.0003795695253922942;0.03142804290564481;0.014609490736779245;0.014071212708842257;0.026110658627590783;0.014097759839277885;0.03237390446704703;0.035636874726652674;0.03990879500414666;0.010327046684888186;0.0020403846984540313;0.017317417053616124;0.03132218033309888;0.031392361540995915;0.024984934515489783;0.023285391034449453;0.02836392354903341;0.04161398412497614;0.016331740623288137;0.03013199204375716;0.03876284513699069;0.01384527734820419;0.019663603646826996;0.03000267940508264;0.022779831281848986;0.0387071702897307;0.0;0.011079841196722682;0.0;0.0;0.0;0.0;0.0;0.0;0.0;0.0;0.0;0.0;0.0;0.0;0.0;0.0;0.0;0.0;0.0;0.0;0.0;0.0;0.0;0.0;0.0;0.0;0.0;0.0;0.0;0.0;0.0;0.0020963467976411955
newsweek.com;0.35895772297617023;0.1632772912954529;0.2196840234464678;0.0;0.0;0.0;0.0;0.0;0.0;0.0;0.0;0.0;0.0;0.0;0.0;0.0;0.0;0.0;0.0;0.0;0.0;0.0;0.0;0.0;0.0;0.0;0.0;0.0;0.0;0.0;0.0;0.0;0.0;0.0;0.0;0.0;0.0;0.0;0.0;0.0;0.0;0.0;0.0;0.0;0.0;0.0;0.0;0.0;0.0;0.0;0.0;0.0;0.0;0.0;0.0;0.0;0.0;0.0;0.0;0.0;0.0;0.0;0.0;0.0;0.0;0.0;0.0;0.0;0.0;0.0;0.0;0.2580809622819091
theyeshivaworld.com;0.09291982874173274;0.06348208878262315;0.0;0.07298340979250223;0.07425818988656543;0.07533502459594613;0.047248327955221464;0.025456358244897174;0.010305077821908759;0.13133478185321512;0.0013678514477653881;0.021853237392565585;0.12651601251482894;0.0814576816493219;0.05240678084496688;0.0;0.0;0.0;0.0;0.0;0.0;0.0;0.0;0.0;0.0;0.0;0.0;0.0;0.0;0.0;0.0;0.0;0.0;0.0;0.0;0.0;0.0;0.0;0.0;0.0;0.0;0.0;0.0;0.0;0.0;0.0;0.0;0.0;0.0;0.0;0.0;0.0;0.0;0.0;0.0;0.0;0.0;0.0;0.0;0.0;0.0;0.0;0.0;0.0;0.0;0.0;0.0;0.0;0.0;0.0;0.0;0.12307534847593905
apnews.com;0.010588128999295779;0.015552939279874091;0.0;0.027436826772556527;0.014094227540277409;0.03755212006080372;0.008027430508363392;0.026360283012605318;0.013788618062282508;0.032378886012868965;0.03911462424623394;0.016216295363655382;0.0207871780460728;0.028813820516656617;0.033465906043171526;0.007326395374542546;0.018441141433662513;0.004078117105563315;0.00882124114654286;0.02116962601142398;0.027907206787054932;0.026320867136339236;0.038714246003381365;0.010306087656108609;0.041742981828721576;0.034780359396005184;0.0017481042842163485;0.023489239685679977;0.043821336611011494;0.010379434212661796;0.034060440442005874;0.011808005957119576;0.024459810691850336;0.015068200734894238;0.03760381472346674;0.005319376376897388;0.03935957008921412;0.025656499151784397;0.015943772405582403;0.040296409421959174;0.03774061555577296;0.0075423022995234675;0.028045507380219586;0.009322772810426365;0.004237996728456739;0.0;0.013396620869542073;0.0;0.0;0.0;0.0;0.0;0.0;0.0;0.0;0.0;0.0;0.0;0.0;0.0;0.0;0.0;0.0;0.0;0.0;0.0;0.0;0.0;0.0;0.0;0.0;0.0069146152236508425
cbsnews.com;0.03020708717085315;0.04617028126902066;0.005786244197294738;0.06719423043380107;0.06541771943555953;0.07397715134910618;0.025554932664213097;0.011326435050638132;0.04579032609782456;0.09074397190518539;0.016909307775413253;0.05294611150108286;0.04067914084621437;0.07600684279392914;0.017068768003289356;0.06386010603357888;0.035279923246058574;0.03509967539000535;0.050922702618664335;0.0382249682394822;0.04829506236006418;0.0;0.0;0.0;0.0;0.0;0.0;0.0;0.0;0.0;0.0;0.0;0.0;0.0;0.0;0.0;0.0;0.0;0.0;0.0;0.0;0.0;0.0;0.0;0.0;0.0;0.0;0.0;0.0;0.0;0.0;0.0;0.0;0.0;0.0;0.0;0.0;0.0;0.0;0.0;0.0;0.0;0.0;0.0;0.0;0.0;0.0;0.0;0.0;0.0;0.0;0.06253901161872083
nbcnews.com;0.02076073569979463;0.0025830584651951385;0.007940526593199045;0.008805835431658724;0.007377851935202598;0.003388189170030771;0.005044972747422332;0.02637127849550159;0.014393007298178965;0.017179980651917618;0.028512806595989437;0.02777598569555577;0.0258438515975241;0.010417019502129001;0.00480127251545149;0.02851848539366684;0.00659073226748437;0.02792809375289896;0.015185650543633553;0.019007525605570088;0.020734272115797803;0.014801794196019262;0.02182506661526746;0.01102703221496734;0.02724425645896844;0.0016771600218305725;0.012470135017707029;0.007688663300486331;0.02660181420140239;0.007640101328689301;0.0029938681107382977;0.01715049377564247;0.0042055076618397295;0.0015166229760440815;0.014357420646159679;0.028164052783756582;0.011401056258526644;0.028928215456025162;0.0199803782915136;0.01867021275998583;0.002549068721830805;0.006992179122255939;0.009610843572339284;0.004987543866778822;0.0020589868982891237;0.02220878611008743;0.017211325195379178;0.013752175998609898;0.0033712679983975823;0.022904788377947658;0.002301501882409942;0.021801135077355288;0.014672120408263488;0.02468675754097104;0.00554906198117039;0.012475323142185048;0.01580922245693201;0.027886712600110542;0.012385835241369995;0.0004967304797508551;0.0;0.025339659043936657;0.027044342061512138;3.475159825944841e-05;0.012753175552561368;0.02337314024276576;0.0026851509990414428;0.02933391745926997;0.010374635332057156;0.0;0.0;0.017844876888788455
cbsnews.com;0.05030555834748685;0.0532765694029159;0.02695137752437458;0.009954519255122862;0.05861468524388486;0.0624527857750739;0.0010743822504164602;0.04914032079920574;0.00982266979929263;0.05759547538183414;0.053974661821253475;0.006770991740196436;0.04137290704639436;0.0362537089049822;0.042230113830926064;0.0582161308506342;0.0565174491627944;0.009920193649410398;0.02650992658529864;0.0006843832984851534;0.013030237748467729;0.03414429491161236;0.05204908565149823;0.02999004291050025;0.04322953558737138;0.05141156037927888;0.0;0.058798331911584935;0.0;0.0;0.0;0.0;0.0;0.0;0.0;0.0;0.0;0.0;0.0;0.0;0.0;0.0;0.0;0.0;0.0;0.0;0.0;0.0;0.0;0.0;0.0;0.0;0.0;0.0;0.0;0.0;0.0;0.0;0.0;0.0;0.0;0.0;0.0;0.0;0.0;0.0;0.0;0.0;0.0;0.0;0.0;0.005708100229703141
buzzfeed.com;0.026118372363681815;0.017733876116415383;0.007419940204312667;0.01582378239546919;0.01964408176514999;0.02123759458037473;0.01478439804544857;0.024924616372056826;0.005431049117239443;0.013084963637159166;0.011604787791296405;0.0014197307883820375;0.007072303386349794;0.021202237399839775;0.02190762950040004;0.02669051505298571;0.024852475230940696;0.026759612646429738;0.007195172001551909;0.0004960968562467745;0.004040330909633994;0.02029245415145664;0.010400656692953312;0.02192634641426171;0.02669671960834254;0.01240301990350498;0.003058982609484973;0.02032485788023589;0.02339003112909984;0.004161655835736871;0.012940574556108735;0.00013573746637339577;0.024705120327520223;0.01766126906135274;0.01414245004698529;0.022933129507184864;0.004133626400429689;0.01452856846419036;0.019314707576212824;0.008100053859517415;0.011776848594103228;0.023104381049905167;0.019982637042048185;0.010172334776072479;0.02526602470547534;0.021624195132233785;0.0021423408706970648;0.014822438751886059;0.012941495477588256;0.02462214801003446;0.013562995576765612;0.02479585716638853;0.0135046614575396;0.0049620297493798106;0.023522590001330168;0.007945918642727402;0.008731588618958409;0.01992405879047532;0.016532768802149454;0.02313005163206539;0.001932119758962111;0.019226792911954196;0.008592255830689718;0.0;0.02620373650520124;0.0;0.0;0.0;0.0;0.0;0.0;0.02028420249305259
politico.com;0.03186359684161336;0.038407602258028264;0.001707691730085618;0.07892475385246626;0.06885322455176904;0.02209118337826949;0.08999447835615143;0.057726573957348024;0.017464093005512396;0.0823875865310694;0.0556593464091627;0.08622908238474222;0.09148951635370704;0.05813753011123907;0.06600212620141642;0.017118473285461382;0.03280673779060081;0.0013612379707018448;0.02357273329769046;0.0;0.0;0.0;0.0;0.0;0.0;0.0;0.0;0.0;0.0;0.0;0.0;0.0;0.0;0.0;0.0;0.0;0.0;0.0;0.0;0.0;0.0;0.0;0.0;0.0;0.0;0.0;0.0;0.0;0.0;0.0;0.0;0.0;0.0;0.0;0.0;0.0;0.0;0.0;0.0;0.0;0.0;0.0;0.0;0.0;0.0;0.0;0.0;0.0;0.0;0.0;0.0;0.07820243173296497
euronews.com;0.03118603836430388;0.017369995962479817;0.018337164191620382;0.021228439665772945;0.013311614715376745;0.023084307711493102;0.023938663414061253;0.03628402815665491;0.01946999479565672;0.03468171452219982;0.03627670046662696;0.021706617196489503;0.013475211081995491;0.009492497292176187;0.028687645645024424;0.012576813903519916;0.02148385540482159;0.016054197214765368;0.0035779933352423406;0.025588386487013472;0.014591145841076932;0.02285378779683608;0.009390033704885876;0.0014909286916216999;0.010328378456987588;0.030027751676506495;0.03102323797187192;0.01531507335304845;0.03633377655017098;0.030433409376817887;0.0031958519976333193;0.012831628144581504;0.017396003804832343;0.0;0.00392409372182171;0.007231017678398472;0.01653778126217395;0.023870756197532025;0.0286145200452828;0.032158343203191136;0.014229180679129337;0.012069877453793315;0.017967219653413222;0.018127714518225455;0.012783857400152279;0.030396629423898223;0.006169700247104042;0.03432521117698496;0.016048945442550998;0.009109333753539572;0.029006196888475118;0.013008171750648315;0.0;0.0;0.0;0.0;0.0;0.0;0.0;0.0;0.0;0.0;0.0;0.0;0.0;0.0;0.0;0.0;0.0;0.0;0.0;0.011398562609519136
politico.eu;0.040902468239962006;0.00716151090996615;0.07449837427105672;0.013912766688286544;0.08276887305025456;0.041000860852555075;0.016715563233405915;0.0640158309003511;0.037340877989773286;0.07307516278899792;0.04508306470363168;0.007244552169208305;0.03865351479468089;0.10537948755512387;0.11002571970251743;0.03869149092486976;0.10804086061632112;0.05283934202951561;0.0;0.0;0.0;0.0;0.0;0.0;0.0;0.0;0.0;0.0;0.0;0.0;0.0;0.0;0.0;0.0;0.0;0.0;0.0;0.0;0.0;0.0;0.0;0.0;0.0;0.0;0.0;0.0;0.0;0.0;0.0;0.0;0.0;0.0;0.0;0.0;0.0;0.0;0.0;0.0;0.0;0.0;0.0;0.0;0.0;0.0;0.0;0.0;0.0;0.0;0.0;0.0;0.0;0.04264967857952194
trend.az;0.02824984356112605;0.1182867251402464;0.1622042248082418;0.07895274831640499;0.07649889665654562;0.14042517001731028;0.19741139470448152;0.031993813788762884;0.0;0.06167301430332756;0.0;0.0;0.0;0.0;0.0;0.0;0.0;0.0;0.0;0.0;0.0;0.0;0.0;0.0;0.0;0.0;0.0;0.0;0.0;0.0;0.0;0.0;0.0;0.0;0.0;0.0;0.0;0.0;0.0;0.0;0.0;0.0;0.0;0.0;0.0;0.0;0.0;0.0;0.0;0.0;0.0;0.0;0.0;0.0;0.0;0.0;0.0;0.0;0.0;0.0;0.0;0.0;0.0;0.0;0.0;0.0;0.0;0.0;0.0;0.0;0.0;0.1043041687035527
thelocal.com;0.08775881012670388;0.15537531809537197;0.06508443720121744;0.2032145735347948;0.06683840551728573;0.06730778423030141;0.1050399909184977;0.0;0.15720582924317392;0.0;0.0;0.0;0.0;0.0;0.0;0.0;0.0;0.0;0.0;0.0;0.0;0.0;0.0;0.0;0.0;0.0;0.0;0.0;0.0;0.0;0.0;0.0;0.0;0.0;0.0;0.0;0.0;0.0;0.0;0.0;0.0;0.0;0.0;0.0;0.0;0.0;0.0;0.0;0.0;0.0;0.0;0.0;0.0;0.0;0.0;0.0;0.0;0.0;0.0;0.0;0.0;0.0;0.0;0.0;0.0;0.0;0.0;0.0;0.0;0.0;0.0;0.0921748511326532
rferl.org;0.01127328986881063;0.02544178095468644;0.051335757751428256;0.06209578338572056;0.04611470718486297;0.0477447824718824;0.0004262856856568176;0.03848746899551708;0.028994125808278995;0.06035160551207285;0.008602477064641052;0.011697783474355423;0.0345114715140679;0.06212232062455495;0.0;0.060297075140996186;0.011519747762064436;0.04735427161160674;0.002954295870306471;0.032159423502612736;0.0620822725039824;0.01940496301279593;0.0733993575146126;0.05575590661322576;0.031422817178959055;0.02440792723090455;0.011513172319791634;0.0510474994254814;0.0;0.0;0.0;0.0;0.0;0.0;0.0;0.0;0.0;0.0;0.0;0.0;0.0;0.0;0.0;0.0;0.0;0.0;0.0;0.0;0.0;0.0;0.0;0.0;0.0;0.0;0.0;0.0;0.0;0.0;0.0;0.0;0.0;0.0;0.0;0.0;0.0;0.0;0.0;0.0;0.0;0.0;0.0;0.027481630016123696
voxeurop.eu;0.045498009983514484;0.0;0.05040269542160366;0.04600344981092432;0.00037718315253452755;0.07884842724308913;0.0458858968206473;0.0908087193366721;0.062279355212346864;0.08644748729353967;0.014148116359549013;0.04305692137287888;0.0400266671373664;0.061508790919497326;0.08120385108543228;0.06528582697809858;0.11687948798797543;0.0;0.0;0.0;0.0;0.0;0.0;0.0;0.0;0.0;0.0;0.0;0.0;0.0;0.0;0.0;0.0;0.0;0.0;0.0;0.0;0.0;0.0;0.0;0.0;0.0;0.0;0.0;0.0;0.0;0.0;0.0;0.0;0.0;0.0;0.0;0.0;0.0;0.0;0.0;0.0;0.0;0.0;0.0;0.0;0.0;0.0;0.0;0.0;0.0;0.0;0.0;0.0;0.0;0.0;0.07133911388432992
electropiknik.cz;0.0032484412791785287;0.061064371562562336;0.1203478999571078;0.1280934020314529;0.06287554985455038;0.05308034875220174;0.08266439411358234;0.009004059719846002;0.04655823529354032;0.10592259978689893;0.04293551042248198;0.08656734032892056;0.0;0.0808850139832389;0.0;0.0;0.0;0.0;0.0;0.0;0.0;0.0;0.0;0.0;0.0;0.0;0.0;0.0;0.0;0.0;0.0;0.0;0.0;0.0;0.0;0.0;0.0;0.0;0.0;0.0;0.0;0.0;0.0;0.0;0.0;0.0;0.0;0.0;0.0;0.0;0.0;0.0;0.0;0.0;0.0;0.0;0.0;0.0;0.0;0.0;0.0;0.0;0.0;0.0;0.0;0.0;0.0;0.0;0.0;0.0;0.0;0.11675283291443735
baltictimes.com;0.4656630347181088;0.0;0.2110312543202856;0.0;0.0;0.0;0.0;0.0;0.0;0.0;0.0;0.0;0.0;0.0;0.0;0.0;0.0;0.0;0.0;0.0;0.0;0.0;0.0;0.0;0.0;0.0;0.0;0.0;0.0;0.0;0.0;0.0;0.0;0.0;0.0;0.0;0.0;0.0;0.0;0.0;0.0;0.0;0.0;0.0;0.0;0.0;0.0;0.0;0.0;0.0;0.0;0.0;0.0;0.0;0.0;0.0;0.0;0.0;0.0;0.0;0.0;0.0;0.0;0.0;0.0;0.0;0.0;0.0;0.0;0.0;0.0;0.3233057109616056
the-european-times.com;0.042699766951612116;0.14442432968698368;0.030276734825101313;0.13332706279459522;0.09265378518855595;0.037095239045151406;0.030037085268385607;0.16656149843956228;0.10836640655004268;0.1485141728343985;0.0;0.0;0.0;0.0;0.0;0.0;0.0;0.0;0.0;0.0;0.0;0.0;0.0;0.0;0.0;0.0;0.0;0.0;0.0;0.0;0.0;0.0;0.0;0.0;0.0;0.0;0.0;0.0;0.0;0.0;0.0;0.0;0.0;0.0;0.0;0.0;0.0;0.0;0.0;0.0;0.0;0.0;0.0;0.0;0.0;0.0;0.0;0.0;0.0;0.0;0.0;0.0;0.0;0.0;0.0;0.0;0.0;0.0;0.0;0.0;0.0;0.06604391841561123
ouest-france.fr;0.2845681834500147;0.31332801636641616;0.18993865902271873;0.2121651411608504;0.0;0.0;0.0;0.0;0.0;0.0;0.0;0.0;0.0;0.0;0.0;0.0;0.0;0.0;0.0;0.0;0.0;0.0;0.0;0.0;0.0;0.0;0.0;0.0;0.0;0.0;0.0;0.0;0.0;0.0;0.0;0.0;0.0;0.0;0.0;0.0;0.0;0.0;0.0;0.0;0.0;0.0;0.0;0.0;0.0;0.0;0.0;0.0;0.0;0.0;0.0;0.0;0.0;0.0;0.0;0.0;0.0;0.0;0.0;0.0;0.0;0.0;0.0;0.0;0.0;0.0;0.0;0.0
lefigaro.fr;0.0038008058011584217;0.008561301828599129;0.01601108008947226;0.028093164700126873;0.0029986600015474017;0.02404881833481357;0.004515940131417914;0.023932052675917713;0.014975319523062188;0.015538251904109852;0.018053496249653696;0.016603497916169926;0.028861695016128962;0.013484526862757393;0.0123028765347732;0.02313181923288023;0.017409160741402366;0.022621640270248444;0.010823542226833715;0.0022906596307952927;0.02318358127996319;0.012349724508736394;0.028400509192176127;0.0005479388115180623;0.004590997031276244;0.013509454973283808;0.004098351074558108;0.029280995474433694;0.022637726389094073;0.003458574320293591;0.009096640247848006;0.02068032743982559;0.02279477826309721;0.005255191062372739;0.018614566439560873;0.0005158573962717213;0.013849880139666213;0.008137468513710774;0.002807221841083811;0.009200079628031795;0.02433545877526739;0.017047607434935955;0.02473700418676319;0.01413956919537038;0.01509124474154692;0.01981207799743216;0.021900397502798447;0.028666964568228183;0.0032345214849994392;0.008611772973233008;0.020576024981262937;0.01903927286198319;0.005013685902066535;0.010122851864901831;0.01574271024365216;0.006667709334310828;0.00328309575443916;0.01325966096470123;0.020804179115384645;0.007656789493955762;0.014479709448291129;0.0104497463254163;0.013461889517706101;0.004755086557517571;0.002612590546658725;0.0;0.02023813385212463;0.029284406235650668;0.016267719600415984;0.0016117937628809989;0.02325796339069186;0.002770187686742324
lemonde.fr;0.029843169230920882;0.0364319960730314;0.017499679794030207;0.020148632019585833;0.012568960154251735;0.02685750142002236;0.010030260021204529;0.0302970675149143;0.01689359926160865;0.03525050833906687;0.02423127314681041;0.03199877519786231;0.04548201139103395;0.015391590935018115;0.009863599456673427;0.0356580833984378;0.034135954894986276;0.052384110784188684;0.025758637718776477;0.0487085741437073;0.03925474513366762;0.05454191170758694;0.02122742283295941;0.0;0.01960783876190961;0.0029490153761660078;0.020943219759068925;0.02753741458469504;0.017515349501906956;0.033144390731361315;0.041107761577259226;0.004647142351090583;0.010702362458796291;0.007257438504055436;0.03486575379251113;0.005390912769355321;0.04979425001938813;0.0;0.0;0.0;0.0;0.0;0.0;0.0;0.0;0.0;0.0;0.0;0.0;0.0;0.0;0.0;0.0;0.0;0.0;0.0;0.0;0.0;0.0;0.0;0.0;0.0;0.0;0.0;0.0;0.0;0.0;0.0;0.0;0.0;0.0;0.050079085242090926
france24.com;0.2211706823474391;0.0;0.0;0.0;0.0;0.0;0.0;0.0;0.0;0.0;0.0;0.0;0.0;0.0;0.0;0.0;0.0;0.0;0.0;0.0;0.0;0.0;0.0;0.0;0.0;0.0;0.0;0.0;0.0;0.0;0.0;0.0;0.0;0.0;0.0;0.0;0.0;0.0;0.0;0.0;0.0;0.0;0.0;0.0;0.0;0.0;0.0;0.0;0.0;0.0;0.0;0.0;0.0;0.0;0.0;0.0;0.0;0.0;0.0;0.0;0.0;0.0;0.0;0.0;0.0;0.0;0.0;0.0;0.0;0.0;0.0;0.778829317652561
rfi.fr;0.06151904892621226;0.013674146010805441;0.04457903996100854;0.026338613138184114;0.0029774712202725088;0.013362994728966758;0.06101932381935946;0.008352389945759105;0.027245554716470662;0.04635042764699016;0.057568646776527385;0.03493787876121135;0.0681523056055499;0.06844999015592093;0.003189221432386112;0.0037170402325456186;0.023819813055293175;0.014779449724525048;0.06930350352683061;0.06434532848924936;0.03894839680587627;0.0658288817010229;0.05405601807501263;0.05636450104946473;0.005504503263014411;0.0575082756876173;0.0;0.0;0.0;0.0;0.0;0.0;0.0;0.0;0.0;0.0;0.0;0.0;0.0;0.0;0.0;0.0;0.0;0.0;0.0;0.0;0.0;0.0;0.0;0.0;0.0;0.0;0.0;0.0;0.0;0.0;0.0;0.0;0.0;0.0;0.0;0.0;0.0;0.0;0.0;0.0;0.0;0.0;0.0;0.0;0.0;0.008107235543923348
mediapart.fr;0.015581352579263753;0.03493354302120687;0.03456449442769992;0.015783695431984646;0.03233900927238235;0.0029582797105619113;0.007566700984724638;0.012002097748028491;0.013476754267180605;0.02891664836864634;0.02138949665928743;0.03431809209814731;0.011983781436751152;0.033180937174407565;0.007362415558612763;0.030252563143950393;0.0030501317995725355;0.008555813261066593;0.009874364597216516;0.01887167012608323;0.03559208130314204;0.011887902043993176;0.006622755307269464;0.01913642931309272;0.034499150339006364;0.03588347954802462;0.009163673015342837;0.028386994896403825;0.023039679449396316;0.006269043435490825;0.025729899969505476;0.007521875351600269;0.0058139477616039464;0.026492275781806313;0.009244441596659098;0.003497140865259548;0.03500351223724527;0.017395302557732716;0.03638151739300698;0.03233804084328662;0.01161963184787857;0.008150024518997738;0.03454314025296292;0.0044951580716253905;0.03719469912758752;0.02736768889215807;0.03683037347212665;0.004581071062230746;0.030545014627802593;0.0;0.016252141289200654;0.0;0.0;0.0;0.0;0.0;0.0;0.0;0.0;0.0;0.0;0.0;0.0;0.0;0.0;0.0;0.0;0.0;0.0;0.0;0.0;0.001560072161785496
leparisien.fr;0.015827542375471817;0.010584791790027477;0.028990312976946608;0.02192274732033068;0.030211637685874287;0.01924670085133906;0.022678065840557447;0.003440163304171002;0.008375861905873508;0.009814605731911813;0.006704509409391354;0.0007409561092783274;0.030297749052136325;0.011059509853873443;0.015044127169437059;0.028666290292678975;0.018505425733924736;0.0005983097114095035;0.016138126829960558;0.020743985106290455;0.014516328941752475;0.016653480699200914;0.0015154949612013046;0.0031461701995071645;0.03052861367891735;0.011549368472417571;0.02525817079571264;0.02191447537915219;0.00935060936036713;0.029088378915895143;0.012656222681161441;0.0072954489167902144;0.006739324644862392;0.010068575339018341;0.00790384635509669;0.011460300028590137;0.029899747050257844;0.022871606126398415;0.002943191061210025;0.02354466204226681;0.024664765723103145;0.0081824674108704;0.027141040905325167;0.02023773280047807;0.03106876618096902;0.028311905277907237;0.02480485027872906;0.010647756703360458;0.00606061448918544;0.029864704148993868;0.023000293054547327;0.0007405581252729037;0.021230553721673637;0.025614776749828073;0.0;0.012141479158430557;0.022246268395958457;0.03038065807346737;0.002454009281875274;0.013210448848406121;0.0;0.0;0.0;0.0;0.0;0.0;0.0;0.0;0.0;0.0;0.0;0.01950091597095777
bild.de;0.004221163100374245;0.017643568069241264;0.012666299917285124;0.011808071062489413;0.03060886203690157;0.014256690267338437;0.022365903934312273;0.03460994773211932;0.02582179808560251;0.034803159707171225;0.010176888609890427;0.005901500783297879;0.01943280098210623;0.02929903107403337;0.01652404433866756;0.032184120138499396;0.012258128265942806;0.01241734914792987;0.02524652282375378;0.02675322766191473;0.005766247148197014;0.03348120465752903;0.02870914997991502;0.028445004129612025;0.009482961276519684;0.0038450765813470345;0.02693224123543301;0.032064521963883826;0.002673710195053;0.011052595838985777;0.03544615573951621;0.028510932195244944;0.02175129887465309;0.019173954627265247;0.01968553022602278;0.027377173965403977;0.02471642923100017;0.034297251274650435;0.021762248771324863;0.024589434866976876;0.020279537149200298;0.023858193856733843;0.02295608641079263;0.028967394533780173;0.029056418352800137;0.01657762545223741;0.0;0.00914806910353423;0.0;0.0;0.0;0.0;0.0;0.0;0.0;0.0;0.0;0.0;0.0;0.0;0.0;0.0;0.0;0.0;0.0;0.0;0.0;0.0;0.0;0.0;0.0;0.010394474623515865
t-online.de;0.05445114757598009;0.0074312341409314125;0.04710571320308625;0.036046882653926735;0.09600108087683268;0.008853320222124827;0.09126852685680324;0.023454350893306462;0.0605969147148209;0.03582727863040644;0.10282761941757083;0.04350826818946492;0.0559611076266316;0.10586533219076007;0.06497956822101243;0.0;0.03282822172567038;0.027119329612604662;0.01817677158581786;0.05612128363190882;0.0;0.0;0.0;0.0;0.0;0.0;0.0;0.0;0.0;0.0;0.0;0.0;0.0;0.0;0.0;0.0;0.0;0.0;0.0;0.0;0.0;0.0;0.0;0.0;0.0;0.0;0.0;0.0;0.0;0.0;0.0;0.0;0.0;0.0;0.0;0.0;0.0;0.0;0.0;0.0;0.0;0.0;0.0;0.0;0.0;0.0;0.0;0.0;0.0;0.0;0.0;0.03157604803033921
tagesschau.de;0.020963856748320412;0.026920586175036718;0.035552902011792384;0.04164684260093208;0.028848565407732327;0.016428244844677996;0.03505127089146839;0.050788120038720116;0.0390265457119404;0.013049296600360796;0.014186593338789594;0.0025396699805342107;0.029939346134839118;0.042784321336607374;0.004797907727377548;0.0125545259249627;0.04535805422615482;0.029277921246904294;0.003682728516865788;0.02611127071012851;0.048843236381474316;0.0547717271158639;0.013258057187135757;0.025231049865708417;0.03333036673771313;0.006483244285783968;0.04141240148223546;0.04743934612105328;0.04956908691836414;0.054926045654107684;0.042066790960168396;0.02085842731980911;0.0;0.016956143876339518;0.0;0.0;0.0;0.0;0.0;0.0;0.0;0.0;0.0;0.0;0.0;0.0;0.0;0.0;0.0;0.0;0.0;0.0;0.0;0.0;0.0;0.0;0.0;0.0;0.0;0.0;0.0;0.0;0.0;0.0;0.0;0.0;0.0;0.0;0.0;0.0;0.0;0.025345505920097374
n-tv.de;0.020678267019058272;0.018790197972126745;0.005006713039532022;0.0008459257048889466;0.021798306171039776;0.00030035348384993213;0.012537425229036387;0.021205248446779856;0.03989164880639866;0.039023873960255265;0.010967410428633476;6.308143067039925e-05;0.0304850649245128;0.04234450455368432;0.00664019306168106;0.01484004913353991;0.0016852853422448595;0.03080950510879365;0.038033022794724224;0.040174664528641095;0.008205577703498022;0.02109663378006378;0.03185512844865582;0.010493168819043849;0.00443410661976868;0.024601334701773732;0.011074617084868359;0.04161222022621842;0.045981365367345615;0.008877795850949487;0.03968660664144205;0.018961112882992615;0.010784048491633202;0.004492337691514619;0.002623209441670187;0.015760545088460406;0.019842786604705214;0.02111760396428499;0.0006528570912198666;0.01515155020668086;0.032665048119269055;0.042628253043094054;0.018491744244418316;0.014154786194029644;0.019982311758822792;0.024703391449444185;0.014055309708952019;0.01685057966647514;0.0;0.009792647953146749;0.017291541787693026;0.0;0.0;0.0;0.0;0.0;0.0;0.0;0.0;0.0;0.0;0.0;0.0;0.0;0.0;0.0;0.0;0.0;0.0;0.0;0.0;0.035959038227773604
spiegel.de;0.030166998791679993;0.021956225385290358;0.02766409043214521;0.016307013955716997;0.0628588733720517;0.04771599641904058;0.06371229382114148;0.042714540226091884;0.055560682172366115;0.0332883262342753;0.009868177927320936;0.013192139607120904;0.006497918679321579;0.00553015570907156;0.052020820860740086;0.01922605741531239;0.008396736935634738;0.05594040458844773;0.044001050660540775;0.009709930916064674;0.026667731626285725;0.0308011058509581;0.020339089083554026;0.015091095216604422;0.02205509394902216;0.03096720386290383;0.004172267823067517;0.05313932657543397;0.016840691425707755;0.02906072064665704;0.04343594813202674;0.0;0.024890386048990663;0.0;0.0;0.0;0.0;0.0;0.0;0.0;0.0;0.0;0.0;0.0;0.0;0.0;0.0;0.0;0.0;0.0;0.0;0.0;0.0;0.0;0.0;0.0;0.0;0.0;0.0;0.0;0.0;0.0;0.0;0.0;0.0;0.0;0.0;0.0;0.0;0.0;0.0;0.05621090564941321
repubblica.it;0.024638012422841114;0.014638932398158553;0.011476127592799649;0.01607690762764719;0.017904888926443152;0.019971652713569772;0.020952928939882886;0.02360915631704968;0.028236251321151994;0.017924433188401055;0.007917516281969121;0.02293051081051239;0.004087138348130826;0.006536577557986049;0.009594603122205624;0.03449452001828359;0.023945570975377844;0.0016187197422437756;0.025690408505030703;0.02586839882857507;0.014123201848800988;0.03589357029549014;0.028907619875346176;0.032409082778831255;0.030630037998088687;0.03816656235092492;0.019456414376358273;0.0241614464090474;0.015042137542126613;0.033469409053423584;0.03460134103091954;0.031205857706601677;0.033393879570044964;0.01688403403721084;0.010266699878013671;0.02074096760586594;0.039614604862291805;0.02611680992583692;0.011031393122448144;0.03137545418943966;0.022708748584985273;0.03351929019453479;0.001194253031431282;0.03614888473339956;0.0;0.004542760316538361;0.0070986925439774735;0.0;0.0;0.0;0.0;0.0;0.0;0.0;0.0;0.0;0.0;0.0;0.0;0.0;0.0;0.0;0.0;0.0;0.0;0.0;0.0;0.0;0.0;0.0;0.0;0.009183590499762109
corriere.it;0.03574808864814806;0.07048074337819889;0.06981761642808991;0.10200306384079287;0.09864581812942998;0.016036961995616775;0.09354902015079236;0.05136535685589058;0.058071289030834534;0.012441617922879209;0.07782034608995736;0.07112127678895916;0.07419980377563276;0.02115233980024852;0.11374550224745042;0.0;0.0;0.0;0.0;0.0;0.0;0.0;0.0;0.0;0.0;0.0;0.0;0.0;0.0;0.0;0.0;0.0;0.0;0.0;0.0;0.0;0.0;0.0;0.0;0.0;0.0;0.0;0.0;0.0;0.0;0.0;0.0;0.0;0.0;0.0;0.0;0.0;0.0;0.0;0.0;0.0;0.0;0.0;0.0;0.0;0.0;0.0;0.0;0.0;0.0;0.0;0.0;0.0;0.0;0.0;0.0;0.03380115491707862
ansa.it;0.015872312931980857;0.01971647225876424;0.039002601464554004;0.060824455287558414;0.03414208313933813;0.02746594436967349;0.04570027405616122;0.00250927176774052;0.02052168837709913;0.020226954071655055;0.032451449515707206;0.051598434326440526;0.0031695965208592605;0.056174318635550634;0.013720155056756713;0.05811535400458483;0.03726377542544594;0.017283252741432168;0.017132576943391906;0.022503547613063644;0.06868848131208509;0.03284884462228479;0.022883374807540113;0.01916726080412271;0.04892851720754743;0.024542819287520317;0.006070863322399014;0.04761231654975532;0.011373714812730034;0.05913205316080593;0.0;0.0;0.0;0.0;0.0;0.0;0.0;0.0;0.0;0.0;0.0;0.0;0.0;0.0;0.0;0.0;0.0;0.0;0.0;0.0;0.0;0.0;0.0;0.0;0.0;0.0;0.0;0.0;0.0;0.0;0.0;0.0;0.0;0.0;0.0;0.0;0.0;0.0;0.0;0.0;0.0;0.06335723560545131
ilfattoquotidiano.it;0.025689058763569358;0.0036781676597184717;0.014650848404810894;0.030323348406966513;0.0035516259805345204;0.044845555768354486;0.0249310622822006;0.008461113873202052;0.0035605050980304907;0.010432644125977499;0.009511025171255407;0.0456033126860215;0.00954780508950534;0.03022271103222496;0.011234192112387343;0.02315797481569902;0.042048173829546384;0.019950380892122175;0.01949762724833806;0.009787060742724351;0.0190223181884126;0.009625534155045723;0.014267651131098331;0.04164086734123548;0.017076962063620253;0.021296495872655016;0.012607944181481022;0.02247820588138748;0.03959810916040294;0.02202733796453194;0.01574185211848514;0.020741192684142852;0.03642614976983302;0.019651276012926974;0.0;0.04529428731649803;0.02478511177160356;0.014114227971933896;0.03455747703429799;0.036247061838611816;0.017620715051024412;0.01785189991071181;0.024960277338006445;0.022023063687177217;0.02036254521123481;0.0;0.0;0.0;0.0;0.0;0.0;0.0;0.0;0.0;0.0;0.0;0.0;0.0;0.0;0.0;0.0;0.0;0.0;0.0;0.0;0.0;0.0;0.0;0.0;0.0;0.0;0.03929724236045226
elmundo.es;0.3194816126451568;0.1031085421651907;0.004160466576389744;0.07940893586076696;0.22536998074678594;0.0;0.0;0.0;0.0;0.0;0.0;0.0;0.0;0.0;0.0;0.0;0.0;0.0;0.0;0.0;0.0;0.0;0.0;0.0;0.0;0.0;0.0;0.0;0.0;0.0;0.0;0.0;0.0;0.0;0.0;0.0;0.0;0.0;0.0;0.0;0.0;0.0;0.0;0.0;0.0;0.0;0.0;0.0;0.0;0.0;0.0;0.0;0.0;0.0;0.0;0.0;0.0;0.0;0.0;0.0;0.0;0.0;0.0;0.0;0.0;0.0;0.0;0.0;0.0;0.0;0.0;0.26847046200570995
abc.es;0.026470892449302664;0.017327309483375776;0.006377743859668208;0.04489456597630825;0.0039672626965191644;0.031101417392205725;0.01617032276473129;0.035498515244849;0.03357801727574255;0.016991887341013742;0.03532040984809025;0.021504577421866372;0.039539777580199935;0.02690802529638044;0.03254104113276757;4.786636014110014e-05;0.0046001725232789024;0.00037848981554560265;0.03739597719410841;0.01894228266429479;0.038690780844340834;0.01026104972491855;0.012336413868974421;0.016397061012561286;0.012712277312484312;0.02324368578915044;0.03252860996856812;0.026563193377893212;0.03739685019158026;0.005197322382748565;0.045596547684618634;0.0031578232955715908;0.012251211296962838;0.016927611677109395;0.030934689658419112;0.03619711393580435;0.0438131836993172;0.0006104690561392968;0.025933616044796885;0.0;0.018134702584240683;0.03779041579832034;0.038708179734179456;0.0;0.0;0.0;0.0;0.0;0.0;0.0;0.0;0.0;0.0;0.0;0.0;0.0;0.0;0.0;0.0;0.0;0.0;0.0;0.0;0.0;0.0;0.0;0.0;0.0;0.0;0.0;0.0;0.0250606367409102
lavanguardia.com;0.037560678832809544;0.05987911039613648;0.007506342109906527;0.008820735519854923;0.0355318842131445;0.06522529826577043;0.015202600171783497;0.05646741495309857;0.041858886117721775;0.00822302686189713;0.025580543914425588;0.02762774510776453;0.02023302594118476;0.04988440151617213;0.01925975435649963;0.0493573355677944;3.127846248500941e-05;0.026754217164459738;0.044940099196017234;0.009294732188088463;0.0319889275918954;0.05332654221926954;0.046923562327840264;0.03328388897498895;0.03705114529875366;0.002317525925746039;0.00019217409106965825;0.0637155680300386;0.0;0.06899774582593984;0.0;0.0;0.0;0.0;0.0;0.0;0.0;0.0;0.0;0.0;0.0;0.0;0.0;0.0;0.0;0.0;0.0;0.0;0.0;0.0;0.0;0.0;0.0;0.0;0.0;0.0;0.0;0.0;0.0;0.0;0.0;0.0;0.0;0.0;0.0;0.0;0.0;0.0;0.0;0.0;0.0;0.0529638088574432
elconfidencial.com;0.009885264779548009;0.012785852383511423;0.022819678017191092;0.02515849215128123;0.00549194152980445;0.01648766037053405;0.03241366790024166;0.0004764796380497704;0.025282914951499872;0.016675071106447104;0.019225030493704217;0.016184939753232437;0.03930199188423916;0.007678764412961216;0.007951653911324054;0.010456944217785043;0.03475671675276139;0.03292126814679558;0.026810210902160583;0.023750570177296555;0.0010080422962500332;0.000765748647003138;0.025421995852912053;0.0003925416914833736;0.011972868782508016;0.03689361757770891;0.0012761133791932252;0.02299636469861545;0.031163557365508743;0.028478092978723682;0.005880034826854314;0.015935955502385832;0.005801310403125594;0.037089092924164964;0.0384924987828463;0.031999864984895175;0.008097691789217392;0.013075296113390731;0.02701615857609207;0.0025804454610972513;0.0324750770306951;0.03191721284706585;0.015577086881404809;0.003420870876720423;0.018150224831376554;0.018809266906348276;0.010950021563663885;0.004160085348472051;0.03330312897965638;0.0;0.00747886318799866;0.01650428016822541;0.017754895303925027;0.03148156758679965;0.013140119466249314;0.0009116145764193776;0.0;0.0;0.0;0.0;0.0;0.0;0.0;0.0;0.0;0.0;0.0;0.0;0.0;0.0;0.0;0.011113278330634255
nieuwsblad.be;0.01353038557137684;0.011037357757938859;0.05252055134579274;0.00038890140083695774;0.039574187110811926;0.014212674663039347;0.02988529898980769;0.04618793936586495;0.031339636532864736;0.048669146468808336;0.0324785263948829;0.012186834193018727;0.04581643329316051;0.022531553327919084;0.0015679615792082175;0.017992812651110503;0.0024814591709973748;0.01758778233142114;0.030146728352025327;0.032768673682874935;0.012379361032848616;0.020069432429743975;0.019689493281983318;0.0509405247168313;0.02671006160058818;0.0026806158201864603;0.043049163647587166;0.007459533345191148;0.03846699590358248;0.042592895456511674;0.03636394799970928;0.040329158413105776;0.048389209763737805;0.02418467784225521;0.029607242250634932;0.0;0.0;0.0;0.0;0.0;0.0;0.0;0.0;0.0;0.0;0.0;0.0;0.0;0.0;0.0;0.0;0.0;0.0;0.0;0.0;0.0;0.0;0.0;0.0;0.0;0.0;0.0;0.0;0.0;0.0;0.0;0.0;0.0;0.0;0.0;0.0;0.054182842311741454
sudinfo.be;0.04233802492687226;0.031996489954124484;0.05412646130987665;0.026159555177470727;0.0507546293264047;0.047887359807510084;0.01702057578219008;0.004689835013488379;0.02998844855157108;0.008295263494667483;0.017213244368139227;0.051903958854576875;0.0270607517263089;0.0341878600281943;0.03847683563470594;0.027764020711239217;0.020669040122221684;0.007550527990626431;0.026189087547760267;0.0012589675040452911;0.030580984111796407;0.04526998613160173;0.0011157700900661428;0.021657030069102783;0.002444270899222514;0.007790377345143845;0.053492210540508116;0.03915211150959266;0.032916744453232234;0.04029432536679158;0.008506090192977963;0.021623135869339415;0.0;0.05024460552461562;0.01121025476863998;0.007785778854744919;0.008598323857924627;0.0;0.0;0.0;0.0;0.0;0.0;0.0;0.0;0.0;0.0;0.0;0.0;0.0;0.0;0.0;0.0;0.0;0.0;0.0;0.0;0.0;0.0;0.0;0.0;0.0;0.0;0.0;0.0;0.0;0.0;0.0;0.0;0.0;0.0;0.0517870625827055
rtbf.be;0.052541607699240316;0.017386758288082175;0.0538119134739212;0.04517616230115778;0.049850085087515594;0.020085857625234682;0.053289946689062624;0.0009012516719881492;0.023659495528048358;0.017142839643859348;0.037379110163051336;0.018973258919518343;0.014771291501826787;0.022103502993358417;0.05354393338659904;0.03457920246193782;0.02755409784043694;0.04467925892189183;0.0571499006981877;0.003718112600779919;0.038595227716362895;0.04377498309494725;0.0028325654098752514;0.02909481512217185;0.008161310864414628;0.044171082872371877;0.04664463948089344;0.049366451872984975;0.010675684592014857;0.0498273149019838;0.0;0.0;0.0;0.0;0.0;0.0;0.0;0.0;0.0;0.0;0.0;0.0;0.0;0.0;0.0;0.0;0.0;0.0;0.0;0.0;0.0;0.0;0.0;0.0;0.0;0.0;0.0;0.0;0.0;0.0;0.0;0.0;0.0;0.0;0.0;0.0;0.0;0.0;0.0;0.0;0.0;0.028558336576280863
wort.lu;0.11215754573534764;0.06873266221636082;0.11208014168705907;0.019074448521481217;0.08940444148034628;0.042066368590243534;0.007221876369238631;0.09761239515606866;0.022863536654230975;0.011560157237617923;0.09808821314760406;0.11459655511455374;0.09488302134434985;0.03689546652251256;0.0;0.0;0.0;0.0;0.0;0.0;0.0;0.0;0.0;0.0;0.0;0.0;0.0;0.0;0.0;0.0;0.0;0.0;0.0;0.0;0.0;0.0;0.0;0.0;0.0;0.0;0.0;0.0;0.0;0.0;0.0;0.0;0.0;0.0;0.0;0.0;0.0;0.0;0.0;0.0;0.0;0.0;0.0;0.0;0.0;0.0;0.0;0.0;0.0;0.0;0.0;0.0;0.0;0.0;0.0;0.0;0.0;0.07276317022298497
lequotidien.lu;0.03929370751704395;0.05094108003145332;0.03688391479175118;0.0479745277194027;0.05827242626905975;0.0565386110355817;0.06645505782113548;0.017057616478770785;0.013483314401494109;0.0063510974113830465;0.06509781825371708;0.05489969666174018;0.05447553805751221;0.055971518683712924;0.03424634739849723;0.02832573208924722;0.03275712095971137;0.01832724193309258;0.043243064398407915;0.007668992392557104;0.02623772917059339;0.04250581654034776;0.055212601452462276;0.0;0.03474477172800585;0.0;0.0;0.0;0.0;0.0;0.0;0.0;0.0;0.0;0.0;0.0;0.0;0.0;0.0;0.0;0.0;0.0;0.0;0.0;0.0;0.0;0.0;0.0;0.0;0.0;0.0;0.0;0.0;0.0;0.0;0.0;0.0;0.0;0.0;0.0;0.0;0.0;0.0;0.0;0.0;0.0;0.0;0.0;0.0;0.0;0.0;0.05303465680331895
aftonbladet.se;0.016513591156282904;0.0168947971496624;0.015380822536264193;0.015597557883854304;0.03096240556592638;0.033527454675704935;0.0046448054701616025;0.006082710847473625;0.0090861726651587;0.023238781501493663;0.005065774061895122;0.035655788618455336;0.01678375947762916;0.037413646239204665;0.024178525085703582;0.014025681837709912;0.027666526892536517;0.0023974792590935627;0.032317736379649;0.017680442884931608;0.013301978563894224;0.022747077333573028;0.03374528134179955;0.03008615399522808;0.030206644547834036;0.025714812502566783;0.03136481437843526;0.03267774025781683;0.00876093285797455;0.010101648614747868;0.02205947809075123;0.025490212995000514;0.018597099300012215;0.03335507862941469;0.006348449050452258;0.03153599828418202;0.03619311194809677;0.03195282301009605;0.012331536776039927;0.0;0.032797397559594904;0.032949723967069765;0.020550801512435213;0.00620587476737549;0.04297065552489246;0.0;0.0;0.0;0.0;0.0;0.0;0.0;0.0;0.0;0.0;0.0;0.0;0.0;0.0;0.0;0.0;0.0;0.0;0.0;0.0;0.0;0.0;0.0;0.0;0.0;0.0;0.02284021400192517
expressen.se;0.08660649218336924;0.07737666013150486;0.08166123387771547;0.018545874106370618;0.019912388227156613;0.02616326163761337;0.03656510304635136;0.07174652676711353;0.07002695143544377;0.0802244144521477;0.016094689595322235;0.0288313498655472;0.02636529623688233;0.07585745060323874;0.05066703552776144;0.013569688596337478;0.031545131100433506;0.06875579067197073;0.059882056932959934;0.0;0.0;0.0;0.0;0.0;0.0;0.0;0.0;0.0;0.0;0.0;0.0;0.0;0.0;0.0;0.0;0.0;0.0;0.0;0.0;0.0;0.0;0.0;0.0;0.0;0.0;0.0;0.0;0.0;0.0;0.0;0.0;0.0;0.0;0.0;0.0;0.0;0.0;0.0;0.0;0.0;0.0;0.0;0.0;0.0;0.0;0.0;0.0;0.0;0.0;0.0;0.0;0.05960260500475986
dn.se;0.07596789661221373;0.021968076592714263;0.0012244741256477814;0.06834411110145773;0.01148987528870417;0.0010960594246791516;0.04590047247877286;0.035149091241166476;0.07071013428020574;0.04535278695371351;0.0006555734122588116;0.07796661838034427;0.043939913685254794;0.031151136255351593;0.02176875105039292;0.0010789259573727999;0.042460201980263484;0.07471614990830229;0.0004412692728278937;0.028674084681545507;0.08521008421277927;0.08344335544812567;0.04274163158002255;0.0;0.015934972459860818;0.019366672802469245;0.0315210026625304;0.0;0.0;0.0;0.0;0.0;0.0;0.0;0.0;0.0;0.0;0.0;0.0;0.0;0.0;0.0;0.0;0.0;0.0;0.0;0.0;0.0;0.0;0.0;0.0;0.0;0.0;0.0;0.0;0.0;0.0;0.0;0.0;0.0;0.0;0.0;0.0;0.0;0.0;0.0;0.0;0.0;0.0;0.0;0.0;0.02172667815102256
svd.se;0.12057120335342275;0.0019105683347116031;0.010684252887708436;0.0659318681737289;0.031924352120326634;0.10149611134324876;0.002786232368044582;0.10391129664901147;0.0935813763134657;0.041998581490184074;0.11800683797422835;0.02000294536606933;0.10749090253447656;0.06559543149229326;0.0;0.03333893784041087;0.0;0.0;0.0;0.0;0.0;0.0;0.0;0.0;0.0;0.0;0.0;0.0;0.0;0.0;0.0;0.0;0.0;0.0;0.0;0.0;0.0;0.0;0.0;0.0;0.0;0.0;0.0;0.0;0.0;0.0;0.0;0.0;0.0;0.0;0.0;0.0;0.0;0.0;0.0;0.0;0.0;0.0;0.0;0.0;0.0;0.0;0.0;0.0;0.0;0.0;0.0;0.0;0.0;0.0;0.0;0.08076910175866873
naftemporiki.gr;0.07409819725628436;0.047457871096444636;0.0;0.03852116687827286;0.011205190565209413;0.01625104878230064;0.02653278701288781;0.016909409046451968;0.0621690085555305;0.012274008256059548;0.0008850029501019412;0.005868715122114973;0.052764461840291633;0.015565287826051013;0.042897647360017416;0.06854575994864323;0.060924926181144264;0.007230621671302136;0.00397324671367155;0.0613357399840168;0.03676092994268962;0.03769054009418306;0.03271781795553588;0.05749514189078184;0.013525927293148379;0.073364093876207;0.0483944690820533;0.02640681026110906;0.0;0.0;0.0;0.0;0.0;0.0;0.0;0.0;0.0;0.0;0.0;0.0;0.0;0.0;0.0;0.0;0.0;0.0;0.0;0.0;0.0;0.0;0.0;0.0;0.0;0.0;0.0;0.0;0.0;0.0;0.0;0.0;0.0;0.0;0.0;0.0;0.0;0.0;0.0;0.0;0.0;0.0;0.0;0.0482341725574953
kathimerini.gr;0.10066739025311383;0.06357142995090863;0.06176353464506066;0.08112039403458493;0.09346944213777575;0.04782986468284396;0.055508171359519964;0.040481972199150604;0.039554733370567065;0.05825455422187657;0.04977567608663681;0.033918594307744084;0.08309040451886927;0.10084943159412206;0.0054884389472570246;0.039967716105631365;0.04132774118731643;0.0;0.0;0.0;0.0;0.0;0.0;0.0;0.0;0.0;0.0;0.0;0.0;0.0;0.0;0.0;0.0;0.0;0.0;0.0;0.0;0.0;0.0;0.0;0.0;0.0;0.0;0.0;0.0;0.0;0.0;0.0;0.0;0.0;0.0;0.0;0.0;0.0;0.0;0.0;0.0;0.0;0.0;0.0;0.0;0.0;0.0;0.0;0.0;0.0;0.0;0.0;0.0;0.0;0.0;0.003360510397021192
news247.gr;0.39805518479646107;0.0;0.14130732073065466;0.0;0.0;0.0;0.0;0.0;0.0;0.0;0.0;0.0;0.0;0.0;0.0;0.0;0.0;0.0;0.0;0.0;0.0;0.0;0.0;0.0;0.0;0.0;0.0;0.0;0.0;0.0;0.0;0.0;0.0;0.0;0.0;0.0;0.0;0.0;0.0;0.0;0.0;0.0;0.0;0.0;0.0;0.0;0.0;0.0;0.0;0.0;0.0;0.0;0.0;0.0;0.0;0.0;0.0;0.0;0.0;0.0;0.0;0.0;0.0;0.0;0.0;0.0;0.0;0.0;0.0;0.0;0.0;0.4606374944728842
cnn.gr;0.006035397613737962;0.05256163424121752;0.029250838302626692;0.03434021285333494;0.045995588117658116;0.022649190721302326;0.030108632024600783;0.003090860016735436;0.02087874406648644;0.031887897148917765;0.003482428049292981;0.01222791636407909;0.06138994944444414;0.04687516137068633;0.06110656540125576;0.060230045103944974;0.02444256611775974;0.04273124939131401;0.05402993368045937;0.04936799886890723;0.05541219944503652;0.05141186879190316;0.022044125944786084;0.003186717388486146;0.0529521832670354;0.01932879299230866;0.0372343654606033;0.0;0.036890050290775;0.0;0.0;0.0;0.0;0.0;0.0;0.0;0.0;0.0;0.0;0.0;0.0;0.0;0.0;0.0;0.0;0.0;0.0;0.0;0.0;0.0;0.0;0.0;0.0;0.0;0.0;0.0;0.0;0.0;0.0;0.0;0.0;0.0;0.0;0.0;0.0;0.0;0.0;0.0;0.0;0.0;0.0;0.028856887520304277
hurriyet.com.tr;0.012370408547389473;0.03981316020142178;0.06380457771987184;0.0014524777154134257;0.04597481941228599;0.060745944427171315;0.014484490323716438;0.00955479356179208;0.06853392875602983;0.03387274195337708;0.04201750761163777;0.053611165006813656;0.02158970642940244;0.04673022701008826;0.0025371351413515197;0.0623734858545832;0.044294389159977195;0.0740890882671974;0.005110236651780832;0.02256466091915723;0.0016769281629644595;0.037703755587176084;0.06605684513376667;0.026417224484023855;0.05920527575672261;0.012145280623130748;0.0;0.03866796624008952;0.0;0.0;0.0;0.0;0.0;0.0;0.0;0.0;0.0;0.0;0.0;0.0;0.0;0.0;0.0;0.0;0.0;0.0;0.0;0.0;0.0;0.0;0.0;0.0;0.0;0.0;0.0;0.0;0.0;0.0;0.0;0.0;0.0;0.0;0.0;0.0;0.0;0.0;0.0;0.0;0.0;0.0;0.0;0.03260177934166727
milliyet.com.tr;0.029763515395662694;0.027159774293117996;0.02338083984792612;0.027809014670250428;0.032144081311979454;0.017463074535967918;0.027773298144681647;0.01023321200040053;0.023332542124419698;0.024243942240850545;0.01903395859232463;0.031153068613894337;0.0038828958917672945;0.022941772977298745;0.02362253852025946;0.019291107437435496;0.028070330675641172;0.030249700446645336;0.02112587983866811;0.0067130898436951756;0.0031888263899543905;0.018570120847484592;0.0193078064250018;0.02286246105441913;0.03013182448476018;0.021058160642316158;0.0027105387840347787;0.016380793245953634;0.022114330438669123;0.00925266078079597;0.007050826553308555;0.01741153545486274;0.010704701064608916;0.0;0.00862864705420198;0.0260735329965037;0.0068036262292626255;0.0033577582688361623;0.02400289467589621;0.02654795731126799;0.004703289940723758;0.029133923956923675;0.023605119462129957;0.0299040493954692;0.0117814335230182;0.017557100380920062;0.02256746406748066;0.015323421876162134;0.002279493261960994;0.01883159506796863;0.02936356151379795;0.01986039800040764;0.0;0.0;0.0;0.0;0.0;0.0;0.0;0.0;0.0;0.0;0.0;0.0;0.0;0.0;0.0;0.0;0.0;0.0;0.0;0.0295425094480116
mynet.com;0.06257463281304054;0.05972911909504889;0.008511700187637306;0.02510842013468602;0.0923469036395042;0.02591164122209849;0.012662354219522602;0.08411380086252154;0.10077662476935424;0.11083650482069046;0.011527173852376454;0.07593782246176138;0.07799954161620233;0.13172557865510076;0.0;0.026500709306562658;0.0;0.0;0.0;0.0;0.0;0.0;0.0;0.0;0.0;0.0;0.0;0.0;0.0;0.0;0.0;0.0;0.0;0.0;0.0;0.0;0.0;0.0;0.0;0.0;0.0;0.0;0.0;0.0;0.0;0.0;0.0;0.0;0.0;0.0;0.0;0.0;0.0;0.0;0.0;0.0;0.0;0.0;0.0;0.0;0.0;0.0;0.0;0.0;0.0;0.0;0.0;0.0;0.0;0.0;0.0;0.09373747234389204
sozcu.com.tr;0.03117193412257586;0.034847298266313276;0.024403472058883144;0.03876270735377906;0.0382763174105224;0.024612080213484783;0.012956317504891394;0.026853921328737283;0.036920704340158365;0.018323637801405442;0.009883034253014365;0.028595285687251795;0.029751362494039882;0.008164407358212458;0.03883672047355488;0.03015349461138022;0.003630405941801907;0.00837671195079665;0.03476704542308687;0.003618943783877933;0.00871608427568073;0.039961887558262396;0.010725711311547207;0.04332795697093963;0.01877320579538931;0.010712469584161778;0.041863171004923476;0.032973525304590454;0.009691087306318005;0.03703632476935807;0.016786466431204634;0.0357607194951553;0.012481617752078579;0.04367069761727618;0.04349367196293977;0.035486179647919384;0.0385404935318108;0.0;0.004673114715502058;0.020467302053816982;0.0012375760935617835;0.0;0.0;0.0;0.0;0.0;0.0;0.0;0.0;0.0;0.0;0.0;0.0;0.0;0.0;0.0;0.0;0.0;0.0;0.0;0.0;0.0;0.0;0.0;0.0;0.0;0.0;0.0;0.0;0.0;0.0;0.010714934439795577
sabah.com.tr;0.01923517764440904;0.009797253306701349;0.024595161594768572;0.028664380176762188;0.005929917018197141;0.012615895109870885;0.013781298864474965;0.003880435008160925;0.02708218275656668;0.03526120690543873;0.02410332787219921;0.035457929583578296;0.0044145813090813255;0.035520303062112006;0.035360273921481826;0.009932450729215996;0.013338455158112002;0.03768809912583952;0.028780979909776218;0.031123860545657044;0.009733421471770448;0.006039725852516279;0.02278979140856031;0.0018685936935760176;0.002681648654708106;0.025822929476731215;0.028338592353452145;0.0009866533179621643;0.020933108277621574;0.02741419525324753;0.03246153647795121;0.028783875614431617;0.031758141719868564;0.021381438979146412;0.02552806272590547;0.012232795098105428;0.024868927806472617;0.03772856549077613;0.015871777266421402;0.020798859520041908;0.032589115799944265;0.03566955311300723;0.0;0.039322044968270034;0.03313892575388339;0.006426746766031671;0.0;0.0;0.0;0.0;0.0;0.0;0.0;0.0;0.0;0.0;0.0;0.0;0.0;0.0;0.0;0.0;0.0;0.0;0.0;0.0;0.0;0.0;0.0;0.0;0.0;0.01826780353719297
krone.at;0.016573102065599334;0.03836082401211369;0.029244268281877338;0.003963407242477664;0.04171523464413594;0.06594448542208207;0.07490653614208727;0.027037727509183433;0.07013582642134779;0.07320047394637699;0.034218146435035346;0.03477124594718083;0.002023335530106961;0.09414719608877434;0.0634406872592432;0.007099586964982874;0.0573110299084051;0.011541161431108508;0.049846779534676686;0.0330920631766211;0.05195475180415698;0.03663374144797589;0.0;0.0;0.0;0.0;0.0;0.0;0.0;0.0;0.0;0.0;0.0;0.0;0.0;0.0;0.0;0.0;0.0;0.0;0.0;0.0;0.0;0.0;0.0;0.0;0.0;0.0;0.0;0.0;0.0;0.0;0.0;0.0;0.0;0.0;0.0;0.0;0.0;0.0;0.0;0.0;0.0;0.0;0.0;0.0;0.0;0.0;0.0;0.0;0.0;0.0828383887844505
heute.at;0.04254622955790435;0.05978061061533346;0.04145847409661246;0.019221255013642614;0.048634440991105816;0.058019767280320336;0.009580538581665972;0.04199061107121455;0.05482512243330541;0.04214264637129667;0.00199953760098662;0.03606196572289043;0.017498220970007028;0.0623138209728266;0.023389929271438632;0.014345961140867423;0.02152587651703057;0.034509646458404056;0.026511991095549487;0.0005433452793988401;0.015780494410561376;0.011720347845470179;0.05621598190901616;0.014374553214057268;0.029955339910558737;0.030364962714473483;0.04760232058871625;0.050114703274976254;0.027188279578941345;0.0045029965728673;0.0;0.0;0.0;0.0;0.0;0.0;0.0;0.0;0.0;0.0;0.0;0.0;0.0;0.0;0.0;0.0;0.0;0.0;0.0;0.0;0.0;0.0;0.0;0.0;0.0;0.0;0.0;0.0;0.0;0.0;0.0;0.0;0.0;0.0;0.0;0.0;0.0;0.0;0.0;0.0;0.0;0.0552800289385604
oe24.at;0.0;0.1052656346580695;0.025785437593904656;0.02277190383030393;0.012060542378557774;0.0016286334639286305;0.03766542765584205;0.06206817690744805;0.07455954150918344;0.05309993821074978;0.026337124295875446;0.002227132397737371;0.05958531656042225;0.10547071288762011;0.09345578278009288;0.0785008468591127;0.012185856941573264;0.08220975615401746;0.0058524424968803435;0.033404483280932075;0.0;0.0;0.0;0.0;0.0;0.0;0.0;0.0;0.0;0.0;0.0;0.0;0.0;0.0;0.0;0.0;0.0;0.0;0.0;0.0;0.0;0.0;0.0;0.0;0.0;0.0;0.0;0.0;0.0;0.0;0.0;0.0;0.0;0.0;0.0;0.0;0.0;0.0;0.0;0.0;0.0;0.0;0.0;0.0;0.0;0.0;0.0;0.0;0.0;0.0;0.0;0.10586530913774819
gmx.at;0.004098251969155598;0.036404953134442926;0.01834266121753263;0.042396460927954537;0.039187648393952224;0.05333611353839893;0.024373734761413544;0.047811770566482205;0.0019243223987663565;0.05443119972750466;0.029872485760292992;0.045935540054363594;0.0006818660516087349;0.025314470422552898;0.042897208074855926;0.00890695452052856;0.01746774312363041;0.02971065943444927;0.030716912078053393;0.009667524857382228;0.04809666552908354;0.008910229113337895;0.01282025346600708;0.03365143451864318;0.029177404938517608;0.0;0.05506475111386512;0.013317592076731144;0.04832836696495369;0.05484850028509321;0.024015816212855104;0.04834716334308648;0.036245788050212085;0.0;0.0;0.0;0.0;0.0;0.0;0.0;0.0;0.0;0.0;0.0;0.0;0.0;0.0;0.0;0.0;0.0;0.0;0.0;0.0;0.0;0.0;0.0;0.0;0.0;0.0;0.0;0.0;0.0;0.0;0.0;0.0;0.0;0.0;0.0;0.0;0.0;0.0;0.02369755337429204
meinbezirk.at;0.0170986024040515;0.035058598885651465;0.06735507284824978;0.0888975918533341;0.11089514520419265;0.05766476393199778;0.09395895179986212;0.08205926964149103;0.054372559640276465;0.01600518979765171;0.1071832867278941;0.0017235168970553346;0.0424265090476377;0.0896872094641722;0.07237908048061918;0.017485632802893357;0.0;0.0;0.0;0.0;0.0;0.0;0.0;0.0;0.0;0.0;0.0;0.0;0.0;0.0;0.0;0.0;0.0;0.0;0.0;0.0;0.0;0.0;0.0;0.0;0.0;0.0;0.0;0.0;0.0;0.0;0.0;0.0;0.0;0.0;0.0;0.0;0.0;0.0;0.0;0.0;0.0;0.0;0.0;0.0;0.0;0.0;0.0;0.0;0.0;0.0;0.0;0.0;0.0;0.0;0.0;0.04574901857296954
startlap.hu;0.029572020402872212;0.03876774655898266;0.0;0.10223741313131493;0.056796063245576324;0.0047629116117540535;0.12201675157509127;0.039569649631156514;0.028590555667023194;0.0736602929480951;0.014387970257882972;0.036720098446201666;0.06643056412260427;0.10812646478892912;0.07886073691918126;0.09790148608246967;0.0;0.0;0.0;0.0;0.0;0.0;0.0;0.0;0.0;0.0;0.0;0.0;0.0;0.0;0.0;0.0;0.0;0.0;0.0;0.0;0.0;0.0;0.0;0.0;0.0;0.0;0.0;0.0;0.0;0.0;0.0;0.0;0.0;0.0;0.0;0.0;0.0;0.0;0.0;0.0;0.0;0.0;0.0;0.0;0.0;0.0;0.0;0.0;0.0;0.0;0.0;0.0;0.0;0.0;0.0;0.10159927461086454
portfolio.hu;0.0;0.12035561542583285;0.08531981423952066;0.21188206453577113;0.15513699833423322;0.23415260998708204;0.14731599627433725;0.03133238224046671;0.0;0.0;0.0;0.0;0.0;0.0;0.0;0.0;0.0;0.0;0.0;0.0;0.0;0.0;0.0;0.0;0.0;0.0;0.0;0.0;0.0;0.0;0.0;0.0;0.0;0.0;0.0;0.0;0.0;0.0;0.0;0.0;0.0;0.0;0.0;0.0;0.0;0.0;0.0;0.0;0.0;0.0;0.0;0.0;0.0;0.0;0.0;0.0;0.0;0.0;0.0;0.0;0.0;0.0;0.0;0.0;0.0;0.0;0.0;0.0;0.0;0.0;0.0;0.01450451896275629
index.hu;0.04389419300196115;0.03183297323017022;0.11110315524656238;0.09027655556287933;0.09085382697950557;0.04729278603653686;0.06370496290096223;0.02743794479590614;0.09882476388698133;0.1158634516116129;0.0026750829043447662;0.08852031386257828;0.045548706432013454;0.0014898093145675625;0.0;0.04311320000252738;0.0;0.0;0.0;0.0;0.0;0.0;0.0;0.0;0.0;0.0;0.0;0.0;0.0;0.0;0.0;0.0;0.0;0.0;0.0;0.0;0.0;0.0;0.0;0.0;0.0;0.0;0.0;0.0;0.0;0.0;0.0;0.0;0.0;0.0;0.0;0.0;0.0;0.0;0.0;0.0;0.0;0.0;0.0;0.0;0.0;0.0;0.0;0.0;0.0;0.0;0.0;0.0;0.0;0.0;0.0;0.09756827423089033
youm7.com;0.030178909152824562;0.021298054465208487;0.06230697049062645;0.0907924203477307;0.07976735179791684;0.019541102055021017;0.06728751965618025;0.007377819512272194;0.08342918619542662;0.06014800212280424;0.03396772730032677;0.023565797806314983;0.02125717281177332;0.04241973112172085;0.045569693231877616;0.06504236834988923;0.06047693572679243;0.06410707513340354;0.03608150325802997;0.007670220708236264;0.0;0.01556786040561179;0.0;0.0;0.0;0.0;0.0;0.0;0.0;0.0;0.0;0.0;0.0;0.0;0.0;0.0;0.0;0.0;0.0;0.0;0.0;0.0;0.0;0.0;0.0;0.0;0.0;0.0;0.0;0.0;0.0;0.0;0.0;0.0;0.0;0.0;0.0;0.0;0.0;0.0;0.0;0.0;0.0;0.0;0.0;0.0;0.0;0.0;0.0;0.0;0.0;0.062146578350012235
skynewsarabia.com;0.02598698616287696;0.03990198847495843;0.11649586477363075;0.06853772315728049;0.11883321428490165;0.0237703422707894;0.07587266229848136;0.005214534584894328;0.10455258275942572;0.014222300550204287;0.09718441012950478;0.056916788220709676;0.013308858574089694;0.010052291227857295;0.11228288573524098;0.0;0.0;0.0;0.0;0.0;0.0;0.0;0.0;0.0;0.0;0.0;0.0;0.0;0.0;0.0;0.0;0.0;0.0;0.0;0.0;0.0;0.0;0.0;0.0;0.0;0.0;0.0;0.0;0.0;0.0;0.0;0.0;0.0;0.0;0.0;0.0;0.0;0.0;0.0;0.0;0.0;0.0;0.0;0.0;0.0;0.0;0.0;0.0;0.0;0.0;0.0;0.0;0.0;0.0;0.0;0.0;0.11686656679515407
20min.ch;0.0375317670991935;0.028295195916158145;0.04195905175515147;0.04104513783978981;0.04014177525112023;0.026481941478516183;0.030896332756373417;0.005134961260193481;0.012505943531335287;0.0408259086396472;0.0014714078397928786;0.018461950537740558;0.015298254398029485;0.030205149885892218;0.0013100720369664776;0.03918175991915472;0.006842134621490085;0.03237570753245792;0.006900304323744664;0.014786003008231277;0.046464453211503234;0.02022279832138843;0.029379254324075607;0.016293125094114087;0.028534183382006518;0.004435374508609758;0.03239554809011205;0.00617092328269249;0.012754044121339193;0.029600196438720004;0.0120322475534438;0.017539931070801165;0.016159510283766398;0.01847326430524084;0.004298722884972714;0.021063674170728356;0.042654021360715416;0.024113210853654164;0.024926623476801663;0.0;0.008621764047938255;0.02262014619531633;0.013637953610318098;0.0064203760937397636;0.025208221970817943;0.0;0.0;0.0;0.0;0.0;0.0;0.0;0.0;0.0;0.0;0.0;0.0;0.0;0.0;0.0;0.0;0.0;0.0;0.0;0.0;0.0;0.0;0.0;0.0;0.0;0.0;0.04432967171620434
blick.ch;0.012038485390600484;0.02364925218409766;0.02109518407100363;0.02943202870187185;0.0365233814653928;0.029203561339682143;0.037688056198785715;0.028313762591728662;0.009328210851572321;0.04121510021547872;0.038116126252709284;0.0023526584916415674;0.028750342546157968;0.029576489834864737;0.04322735229972723;0.0353613590915285;0.018782887557755992;0.00759094975076587;0.018944812330013303;0.008259293756230843;0.014581518925290131;0.001337486796334208;0.022341204213028033;0.002402980744996287;0.030372867402607105;0.0281224015918687;0.04564030086763755;0.025189776059999457;0.02478711535577517;0.0399019087932524;0.011536781741479495;0.006821418638832744;0.029554894965525807;0.040838601264738206;0.042627224665553395;0.03461851409958372;0.044101230856630105;0.015195702037184438;0.0;0.0051573131074939774;0.026640389017011528;0.0;0.0;0.0;0.0;0.0;0.0;0.0;0.0;0.0;0.0;0.0;0.0;0.0;0.0;0.0;0.0;0.0;0.0;0.0;0.0;0.0;0.0;0.0;0.0;0.0;0.0;0.0;0.0;0.0;0.0;0.008781073933567954
watson.ch;0.022283628647563176;0.0026204661765638826;0.0196851581050558;0.01646463574249475;0.0025812295139972185;0.005724403978762145;0.017801591519600996;0.004838395946365274;0.017719249632495063;0.0014117102628322296;0.02804797262043413;0.00825488740962778;0.013423311370447881;0.020305612577658123;0.029441722549829588;0.006164231764361761;0.01621421933394955;0.01336200731439557;0.011553845913415187;0.017368841017893162;0.024786627598163417;0.02622640450307139;0.0033175310690680146;0.023825963604883416;0.018473885857934354;0.0010887896022489833;0.030948106382690525;0.02830751381976585;0.03011771669603266;0.006066607483214043;0.010494986914198678;0.009523704905671579;0.0297639861015721;0.023605043398029033;0.014500418430193585;0.01300063873785192;0.012945168863958492;0.02232018499721596;0.023441958067236847;0.00611308591398299;0.019076425582060227;0.009770518887039285;0.013507586318111059;0.019049553117705217;0.028687027687109838;0.017519303720533213;0.0308328762082118;0.02488574635771144;0.018051781020221373;0.006244292220728705;0.0012213212943284052;0.030174157802480638;0.026857860890865382;7.438603559136109e-05;0.015031679699449924;0.02317024530176936;0.02424192526258437;0.016798680658598856;0.0;0.02833697336281535;0.0;0.0;0.0;0.0;0.0;0.0;0.0;0.0;0.0;0.0;0.0;0.012332214227356909
aajtak.in;0.1150507387261249;0.04664317550826296;0.17837484205499413;0.10506102530785848;0.0;0.1665430319322986;0.0;0.0;0.0;0.0;0.0;0.0;0.0;0.0;0.0;0.0;0.0;0.0;0.0;0.0;0.0;0.0;0.0;0.0;0.0;0.0;0.0;0.0;0.0;0.0;0.0;0.0;0.0;0.0;0.0;0.0;0.0;0.0;0.0;0.0;0.0;0.0;0.0;0.0;0.0;0.0;0.0;0.0;0.0;0.0;0.0;0.0;0.0;0.0;0.0;0.0;0.0;0.0;0.0;0.0;0.0;0.0;0.0;0.0;0.0;0.0;0.0;0.0;0.0;0.0;0.0;0.3883271864704609
indiatimes.com;0.046508111116026;0.017256171900647845;0.034897264396591035;0.04400714617351247;0.036541807059325485;0.022258910059341382;0.04890180642946616;0.04688195269104872;0.018679744234021585;0.023593858724972314;0.030949909190924864;0.03276840975066543;0.004311168571339591;0.046173771468356176;0.04212733719423991;0.015811327009039294;0.03842823992749058;0.03950312512534862;0.019756481012521847;0.045224076146552925;0.04689271200212442;0.03770093182594988;0.0;0.021465483491366986;0.0014738745579764892;0.04768161369138564;0.04773329054358547;0.04540849649028034;0.02806524264099912;0.006191298373779997;0.035783429833487784;0.0;0.0;0.0;0.0;0.0;0.0;0.0;0.0;0.0;0.0;0.0;0.0;0.0;0.0;0.0;0.0;0.0;0.0;0.0;0.0;0.0;0.0;0.0;0.0;0.0;0.0;0.0;0.0;0.0;0.0;0.0;0.0;0.0;0.0;0.0;0.0;0.0;0.0;0.0;0.0;0.027023008367631367
independent.ie;0.08779122699261546;0.24623792888400256;0.14702548332545234;0.001586206679697982;0.2943951315908312;0.0;0.0;0.0;0.0;0.0;0.0;0.0;0.0;0.0;0.0;0.0;0.0;0.0;0.0;0.0;0.0;0.0;0.0;0.0;0.0;0.0;0.0;0.0;0.0;0.0;0.0;0.0;0.0;0.0;0.0;0.0;0.0;0.0;0.0;0.0;0.0;0.0;0.0;0.0;0.0;0.0;0.0;0.0;0.0;0.0;0.0;0.0;0.0;0.0;0.0;0.0;0.0;0.0;0.0;0.0;0.0;0.0;0.0;0.0;0.0;0.0;0.0;0.0;0.0;0.0;0.0;0.2229640225274004
rte.ie;0.03267428425999782;0.05270326649244456;0.02451440141615937;0.05000053569349338;0.04044917959942506;0.03951606262068757;0.049108315337863716;0.029804289788488106;0.03981682723762762;0.03193760492847413;0.06178076707961184;0.03971818514702039;0.048098947798353435;0.039208694091468384;0.012310252944887015;0.061819658725020925;0.06059963143493896;0.04178944795159669;0.03187377363960192;0.019223898905064467;0.053323878427912995;0.0013133783469693348;0.0073081140795350375;0.012763273290677134;0.021958304336432016;0.0580582422681273;0.0;0.0;0.0;0.0;0.0;0.0;0.0;0.0;0.0;0.0;0.0;0.0;0.0;0.0;0.0;0.0;0.0;0.0;0.0;0.0;0.0;0.0;0.0;0.0;0.0;0.0;0.0;0.0;0.0;0.0;0.0;0.0;0.0;0.0;0.0;0.0;0.0;0.0;0.0;0.0;0.0;0.0;0.0;0.0;0.0;0.03832678415812077
irishtimes.com;0.31372569826617164;0.2547080803846438;0.0;0.16003699044931075;0.07215154346834807;0.0;0.0;0.0;0.0;0.0;0.0;0.0;0.0;0.0;0.0;0.0;0.0;0.0;0.0;0.0;0.0;0.0;0.0;0.0;0.0;0.0;0.0;0.0;0.0;0.0;0.0;0.0;0.0;0.0;0.0;0.0;0.0;0.0;0.0;0.0;0.0;0.0;0.0;0.0;0.0;0.0;0.0;0.0;0.0;0.0;0.0;0.0;0.0;0.0;0.0;0.0;0.0;0.0;0.0;0.0;0.0;0.0;0.0;0.0;0.0;0.0;0.0;0.0;0.0;0.0;0.0;0.1993776874315258
aljazeera.net;0.20177899102563324;0.036061921428520806;0.18398857413542066;0.022748922616036286;0.020395961620166964;0.04296040763729211;0.04135550860705762;0.15144688012710228;0.0;0.14392090521991166;0.0;0.0;0.0;0.0;0.0;0.0;0.0;0.0;0.0;0.0;0.0;0.0;0.0;0.0;0.0;0.0;0.0;0.0;0.0;0.0;0.0;0.0;0.0;0.0;0.0;0.0;0.0;0.0;0.0;0.0;0.0;0.0;0.0;0.0;0.0;0.0;0.0;0.0;0.0;0.0;0.0;0.0;0.0;0.0;0.0;0.0;0.0;0.0;0.0;0.0;0.0;0.0;0.0;0.0;0.0;0.0;0.0;0.0;0.0;0.0;0.0;0.15534192758285828
hespress.com;0.2824024273590518;0.6373312149144904;0.03357993103520272;0.0;0.0;0.0;0.0;0.0;0.0;0.0;0.0;0.0;0.0;0.0;0.0;0.0;0.0;0.0;0.0;0.0;0.0;0.0;0.0;0.0;0.0;0.0;0.0;0.0;0.0;0.0;0.0;0.0;0.0;0.0;0.0;0.0;0.0;0.0;0.0;0.0;0.0;0.0;0.0;0.0;0.0;0.0;0.0;0.0;0.0;0.0;0.0;0.0;0.0;0.0;0.0;0.0;0.0;0.0;0.0;0.0;0.0;0.0;0.0;0.0;0.0;0.0;0.0;0.0;0.0;0.0;0.0;0.04668642669125496
akhbarona.com;0.07368098066902187;0.0034011776969073058;0.0573985376497483;0.04406536147391256;0.010063663967188387;0.09201722157845893;0.0;0.0474411422404374;0.0889840821998067;0.04834023465702182;0.09135743234391824;0.020486702610745342;0.06288552671140833;0.051584047715702276;0.0714901434375717;0.054770477147396655;0.0672713556159572;0.01096249494213286;0.04767745468610322;0.0010608845127038444;0.0;0.0;0.0;0.0;0.0;0.0;0.0;0.0;0.0;0.0;0.0;0.0;0.0;0.0;0.0;0.0;0.0;0.0;0.0;0.0;0.0;0.0;0.0;0.0;0.0;0.0;0.0;0.0;0.0;0.0;0.0;0.0;0.0;0.0;0.0;0.0;0.0;0.0;0.0;0.0;0.0;0.0;0.0;0.0;0.0;0.0;0.0;0.0;0.0;0.0;0.0;0.05506107814385718
al9anat.com;0.003827654269429639;0.008063224377715875;0.014953927864611053;0.03339482055998471;0.020974809045900742;0.03261603447571962;0.015309575047586338;0.03260510508060572;0.030701459529180436;0.01939310360729909;0.003988440044214313;0.041118505079876896;0.03362530926548459;0.03664570356277197;0.002774725219630377;0.026881264975453217;0.02221588416834839;0.0021441519106326226;0.03375547888804791;0.0044542674446414535;0.0;0.02392494311040981;0.011445881353188988;0.008553017448912535;0.005591579601037828;0.018040685723813826;0.00974020164307393;0.022267830547224882;0.030654492243625483;0.029952292223569862;0.020942759685945615;0.02245084635078584;0.037232699910182236;0.027348298913566615;0.03815916171117016;0.025023436394132775;0.026412360893623484;0.02402396383614267;0.03303692091362333;0.026293326661255247;0.0187296531211113;0.01678237629739057;0.004724719271208917;0.039417575793161526;0.02027704350289931;0.006255244039303883;0.010277080920350677;0.009325174291877136;0.0;0.0;0.0;0.0;0.0;0.0;0.0;0.0;0.0;0.0;0.0;0.0;0.0;0.0;0.0;0.0;0.0;0.0;0.0;0.0;0.0;0.0;0.0;0.013672989180276351
news.com.au;0.03147161274347489;0.015944912284070224;0.020493220983017858;0.02458235442750101;0.03914939063911796;0.0078113250001423315;0.036670496193882206;0.015678621764616242;0.03868886323880625;0.023431671011793446;0.016485624484465333;0.01908601775627112;0.009187567954345334;0.04232650334528968;0.042660625937497705;0.012111984437649666;0.03616162092675117;0.004609433322112568;0.002636224741698227;0.03072340671247268;0.030934986282023562;0.048725268675554566;0.01881145278115576;0.024385987480625787;0.0257632224128465;0.025334788096073396;0.007918303440096227;0.00015528166059746744;0.031717201964942224;0.0016828984973797233;0.0017265684253788176;0.03330771350885735;0.0504478789175077;0.04213774414522957;0.04680415159896484;0.03180238275502298;0.006461740118148393;0.00048539735324154787;0.03854459392880417;0.027471406590410138;0.0;0.0;0.0;0.0;0.0;0.0;0.0;0.0;0.0;0.0;0.0;0.0;0.0;0.0;0.0;0.0;0.0;0.0;0.0;0.0;0.0;0.0;0.0;0.0;0.0;0.0;0.0;0.0;0.0;0.0;0.0;0.03546955346216338
abc.net.au;0.06946854651823446;0.04033362385806085;0.05938241178864325;0.022405133893867817;0.05832372832299816;0.06718850696311163;0.03939937697439995;0.03776067913589149;0.03940367569540978;0.028418756923397768;0.050180855045872275;0.009911509319221593;0.008161304271696064;0.022180881277988885;0.04217754600798388;0.06256224773190311;0.00828374826366267;0.009939665431655559;0.01470314295689994;0.06412471358980512;0.05132042650987016;0.053643670125773174;0.06056812263414284;0.0;0.009484881134876237;0.013262206900239215;0.0;0.0;0.0;0.0;0.0;0.0;0.0;0.0;0.0;0.0;0.0;0.0;0.0;0.0;0.0;0.0;0.0;0.0;0.0;0.0;0.0;0.0;0.0;0.0;0.0;0.0;0.0;0.0;0.0;0.0;0.0;0.0;0.0;0.0;0.0;0.0;0.0;0.0;0.0;0.0;0.0;0.0;0.0;0.0;0.0;0.05741063872439404
yahoo.com;0.2082452891536284;0.08474056316753466;0.09241142814670716;0.2274118010138867;0.07168303711855667;0.0;0.015408739860027118;0.15447070537846672;0.02896965654731063;0.0;0.0;0.0;0.0;0.0;0.0;0.0;0.0;0.0;0.0;0.0;0.0;0.0;0.0;0.0;0.0;0.0;0.0;0.0;0.0;0.0;0.0;0.0;0.0;0.0;0.0;0.0;0.0;0.0;0.0;0.0;0.0;0.0;0.0;0.0;0.0;0.0;0.0;0.0;0.0;0.0;0.0;0.0;0.0;0.0;0.0;0.0;0.0;0.0;0.0;0.0;0.0;0.0;0.0;0.0;0.0;0.0;0.0;0.0;0.0;0.0;0.0;0.11665877961388167
9news.com.au;0.05352520275901677;0.0;0.0509964739909628;0.2463985126965787;0.26719915442360465;0.12980435102106258;0.0726671304708763;0.07369163946423574;0.0;0.0;0.0;0.0;0.0;0.0;0.0;0.0;0.0;0.0;0.0;0.0;0.0;0.0;0.0;0.0;0.0;0.0;0.0;0.0;0.0;0.0;0.0;0.0;0.0;0.0;0.0;0.0;0.0;0.0;0.0;0.0;0.0;0.0;0.0;0.0;0.0;0.0;0.0;0.0;0.0;0.0;0.0;0.0;0.0;0.0;0.0;0.0;0.0;0.0;0.0;0.0;0.0;0.0;0.0;0.0;0.0;0.0;0.0;0.0;0.0;0.0;0.0;0.10571753517366263
hk01.com;0.04812853093351914;0.053355632376710135;0.020682141117614142;0.04746055160773058;0.05338256931875048;0.018813067178321385;0.039172617459130255;0.0508409179513078;0.0437621292948118;0.045591853579325804;0.020917645729192358;0.023191195916997368;0.02256828185535164;0.005276726965922093;0.019490059059115147;0.002427706609717044;0.005505161142363321;0.005001084692791131;0.047022863631386906;0.01318275499617184;0.046009795609583404;0.038775793925176036;0.015252525680840031;0.0;0.052113689961232015;0.0401781821867868;0.026704927556175102;0.022831151591911757;0.0428202355666529;0.0527436417651682;0.05348926752574956;0.0;0.0;0.0;0.0;0.0;0.0;0.0;0.0;0.0;0.0;0.0;0.0;0.0;0.0;0.0;0.0;0.0;0.0;0.0;0.0;0.0;0.0;0.0;0.0;0.0;0.0;0.0;0.0;0.0;0.0;0.0;0.0;0.0;0.0;0.0;0.0;0.0;0.0;0.0;0.0;0.023307297214494125
on.cc;0.08869772400822065;0.06261410134615161;0.05958218448332842;0.08944409621364875;0.0819977673560741;0.0585626087014537;0.007742142889458856;0.0842564021907721;0.0662521780187397;0.0223997751080328;0.0;0.060061506249556376;0.05192985511873102;0.03247885632936148;0.07276774847326843;0.07420581124573476;0.0;0.0;0.0;0.0;0.0;0.0;0.0;0.0;0.0;0.0;0.0;0.0;0.0;0.0;0.0;0.0;0.0;0.0;0.0;0.0;0.0;0.0;0.0;0.0;0.0;0.0;0.0;0.0;0.0;0.0;0.0;0.0;0.0;0.0;0.0;0.0;0.0;0.0;0.0;0.0;0.0;0.0;0.0;0.0;0.0;0.0;0.0;0.0;0.0;0.0;0.0;0.0;0.0;0.0;0.0;0.08700724226746714
kompas.com;0.521280720226909;0.0;0.0;0.0;0.0;0.0;0.0;0.0;0.0;0.0;0.0;0.0;0.0;0.0;0.0;0.0;0.0;0.0;0.0;0.0;0.0;0.0;0.0;0.0;0.0;0.0;0.0;0.0;0.0;0.0;0.0;0.0;0.0;0.0;0.0;0.0;0.0;0.0;0.0;0.0;0.0;0.0;0.0;0.0;0.0;0.0;0.0;0.0;0.0;0.0;0.0;0.0;0.0;0.0;0.0;0.0;0.0;0.0;0.0;0.0;0.0;0.0;0.0;0.0;0.0;0.0;0.0;0.0;0.0;0.0;0.0;0.4787192797730909
cnbcindonesia.com;0.050736653724261276;0.03291079813638458;0.023284434603959292;0.02471057420402912;0.055163872533551477;0.052754427116315485;0.011241555293817908;0.03936000303831699;0.014175620138280947;0.053234676973640295;0.02677498953056427;0.04838714035043088;0.04960626414720199;0.04518528703038274;0.015642818239263823;0.0516040836052745;0.06093047896766271;0.009417990404844291;0.01381841436492979;0.010893036638916156;0.035882556591247346;0.043353386680151235;0.0519865980942896;0.050880232337153435;0.048856177855742505;0.0;0.005630893260186001;0.023261307673381845;0.009033990310729184;0.0;0.0;0.0;0.0;0.0;0.0;0.0;0.0;0.0;0.0;0.0;0.0;0.0;0.0;0.0;0.0;0.0;0.0;0.0;0.0;0.0;0.0;0.0;0.0;0.0;0.0;0.0;0.0;0.0;0.0;0.0;0.0;0.0;0.0;0.0;0.0;0.0;0.0;0.0;0.0;0.0;0.0;0.04128173815509045
tribunnews.com;0.02050651849519986;0.02386979194066876;0.018319272916368468;0.018480231700296473;0.014672028910188813;0.030540013155020362;0.028001142683698185;0.025321610792982015;0.002265772922799854;0.025451581859294768;0.0020245967003719046;0.012570477669348495;0.02944097829313176;0.02024731800672751;0.0047502335376697225;0.02777500320545239;0.02254462468347127;0.019798616103549514;0.030513025388272337;0.02633182578838411;0.005844099443127226;0.011443592631323694;0.0217290062054261;0.023883726389177764;0.010510888157456301;0.0014928183642458203;0.02334146012989856;0.021394995291870417;0.01721774095019656;0.011440364868852412;0.012324035664980892;0.004008792158036232;0.0017581619980796552;0.013080230400392835;0.022248745041578616;0.022575859344256703;0.013751719294323879;0.011541273810213514;0.012947507720124157;0.027271475631706947;0.014254998618344337;0.0034454853301171245;0.0017204285690280712;0.004896092806183261;0.00810079199351623;0.026655052101603363;0.025857837407716872;0.011450928743680063;0.02486682410588361;0.010094587267743128;0.012482441952789438;0.003745594324785;0.014966851815840404;0.01094873039971108;0.02767125959536243;0.021946855868468652;0.028072855400633145;0.01434399934859567;0.0037356050483184963;0.011312386778387334;0.0;0.0;0.0;0.0;0.0;0.0;0.0;0.0;0.0;0.0;0.0;0.026199234275127718
detik.com;0.10058038251501526;0.12153824001184535;0.026599274606926505;0.24027645600983305;0.0659068800087434;0.19379627763037305;0.12582331347117204;0.0;0.0;0.0;0.0;0.0;0.0;0.0;0.0;0.0;0.0;0.0;0.0;0.0;0.0;0.0;0.0;0.0;0.0;0.0;0.0;0.0;0.0;0.0;0.0;0.0;0.0;0.0;0.0;0.0;0.0;0.0;0.0;0.0;0.0;0.0;0.0;0.0;0.0;0.0;0.0;0.0;0.0;0.0;0.0;0.0;0.0;0.0;0.0;0.0;0.0;0.0;0.0;0.0;0.0;0.0;0.0;0.0;0.0;0.0;0.0;0.0;0.0;0.0;0.0;0.12547917574609135
globo.com;0.017218885153199383;0.004380154294208037;0.007631762194380907;0.02243399524700516;7.813782569664357e-05;0.030121428123311714;0.002211844612366261;0.013613449143734706;0.024709870754047295;0.008246528882138835;0.004718350841210506;0.03155759010332169;0.01622814074740225;0.005865635017123418;0.0017730679866318824;0.0037566671317998904;0.026943603056672098;0.016258749913180444;0.02921664748941624;0.02728459320391726;0.0029738451189677702;0.016184646189874623;0.017772066881477595;0.01368048666663418;0.005946939609251586;0.018107670562864882;0.0037940665481931896;0.01659076426646265;0.01009125861802897;0.012434067685112155;0.03271806022398219;0.0008323650253908644;0.022315777557250175;0.02281745677346068;0.0063794246274056846;0.00663124821023446;0.024301134510620704;0.02000631692101555;0.021059066223405087;0.001314285946804284;0.00910423355068773;0.011550891721828164;0.004860028973521782;0.010539793873320259;0.02509529944423723;0.03241974683984191;0.021165754297271314;0.028214710010322764;0.01816504000522167;0.003872417670086233;0.010550306309852436;0.0021245570850190213;0.019763870125363663;0.012563815860611852;0.0;0.019403110503206138;0.02037274471062701;0.024094505769864737;0.010158873371622093;0.005175055013281558;0.012061012891384114;0.01735037850786478;0.00980679947586535;0.017973171980337453;0.02812068387705818;0.02389361235907738;0.012269015022591348;0.0021977262136877755;0.0;0.0;0.0;0.01693279464914432
terra.com.br;0.01125628824564557;0.06681429345672434;0.07838901447995593;0.05194195955236199;0.06884244708785628;0.07570003252373757;0.02980087648956748;0.05158645249576202;0.015080566625424728;0.002871816963201608;0.05842128864238155;0.014613976979741346;0.008036564194409507;0.07801795740145437;0.07929657402011776;0.06935981548608987;0.009894702177258985;0.0;0.03852204710065558;0.0471564662523033;0.02689693127123221;0.051172703738904715;0.019870328637357;0.041581565622510835;0.0;0.0;0.0;0.0;0.0;0.0;0.0;0.0;0.0;0.0;0.0;0.0;0.0;0.0;0.0;0.0;0.0;0.0;0.0;0.0;0.0;0.0;0.0;0.0;0.0;0.0;0.0;0.0;0.0;0.0;0.0;0.0;0.0;0.0;0.0;0.0;0.0;0.0;0.0;0.0;0.0;0.0;0.0;0.0;0.0;0.0;0.0;0.004875330555345698
uol.com.br;0.4805583464459354;0.06864596354531373;0.0;0.08310487574903898;0.0;0.0;0.0;0.0;0.0;0.0;0.0;0.0;0.0;0.0;0.0;0.0;0.0;0.0;0.0;0.0;0.0;0.0;0.0;0.0;0.0;0.0;0.0;0.0;0.0;0.0;0.0;0.0;0.0;0.0;0.0;0.0;0.0;0.0;0.0;0.0;0.0;0.0;0.0;0.0;0.0;0.0;0.0;0.0;0.0;0.0;0.0;0.0;0.0;0.0;0.0;0.0;0.0;0.0;0.0;0.0;0.0;0.0;0.0;0.0;0.0;0.0;0.0;0.0;0.0;0.0;0.0;0.3676908142597121
cnnbrasil.com.br;0.0;0.2262312450129931;0.3633891277871749;0.0;0.0;0.0;0.0;0.0;0.0;0.0;0.0;0.0;0.0;0.0;0.0;0.0;0.0;0.0;0.0;0.0;0.0;0.0;0.0;0.0;0.0;0.0;0.0;0.0;0.0;0.0;0.0;0.0;0.0;0.0;0.0;0.0;0.0;0.0;0.0;0.0;0.0;0.0;0.0;0.0;0.0;0.0;0.0;0.0;0.0;0.0;0.0;0.0;0.0;0.0;0.0;0.0;0.0;0.0;0.0;0.0;0.0;0.0;0.0;0.0;0.0;0.0;0.0;0.0;0.0;0.0;0.0;0.4103796271998319
malaysiakini.com;0.050293676207841774;0.05618368393210563;0.031987900313846435;0.030211909061085163;0.021346985907251873;0.006785877623101193;0.012513174590508198;0.007873890032636296;0.00197011617296449;0.03992879327455274;0.010069593111027206;0.0013455679013417465;0.007833721023235693;0.061238692042916335;0.01613512479611211;0.060713523789238;0.02912192753559935;0.05924851221836053;0.05085166288533555;0.05849132059681314;0.019023652121966154;0.009664095907569059;0.019480346994883872;0.048778091788161226;0.0;0.031139045983386043;0.034296166774614854;0.05395055019035522;0.05615800879426582;0.03593637621965722;0.018141319638333615;0.01114645356581352;0.0;0.0;0.0;0.0;0.0;0.0;0.0;0.0;0.0;0.0;0.0;0.0;0.0;0.0;0.0;0.0;0.0;0.0;0.0;0.0;0.0;0.0;0.0;0.0;0.0;0.0;0.0;0.0;0.0;0.0;0.0;0.0;0.0;0.0;0.0;0.0;0.0;0.0;0.0;0.048140239005120135
hmetro.com.my;0.07288804959124637;0.39223179507063344;0.14023954218163812;0.031192967859194117;0.17799876930613598;0.0;0.0;0.0;0.0;0.0;0.0;0.0;0.0;0.0;0.0;0.0;0.0;0.0;0.0;0.0;0.0;0.0;0.0;0.0;0.0;0.0;0.0;0.0;0.0;0.0;0.0;0.0;0.0;0.0;0.0;0.0;0.0;0.0;0.0;0.0;0.0;0.0;0.0;0.0;0.0;0.0;0.0;0.0;0.0;0.0;0.0;0.0;0.0;0.0;0.0;0.0;0.0;0.0;0.0;0.0;0.0;0.0;0.0;0.0;0.0;0.0;0.0;0.0;0.0;0.0;0.0;0.18544887599115206
thestar.com.my;0.025504489931662887;0.005052667715610522;0.036575815252154364;0.04650451514855216;0.02722070821047437;0.04646978491952295;0.03563404860212255;0.007736889399023612;0.0367321130148033;0.0276295629578308;0.027883926851198216;0.02747392669011336;0.002770285737249279;0.039517095713422;0.030474053549801993;0.01954070112150689;0.039021372577934484;0.033826668372116196;0.045538956127450375;0.014199266213231141;0.024269588520783158;0.048999734135856204;0.015248326648023147;0.032975362314957804;0.009518246304056231;0.01562765702026887;0.013802525103111609;0.030152522096668768;0.0336430829003288;0.02700783319444259;0.044724446585977365;0.013011300254098631;0.011824710200711337;0.03591247846979308;0.04494399090717972;0.01195760229891681;0.0;0.0;0.0;0.0;0.0;0.0;0.0;0.0;0.0;0.0;0.0;0.0;0.0;0.0;0.0;0.0;0.0;0.0;0.0;0.0;0.0;0.0;0.0;0.0;0.0;0.0;0.0;0.0;0.0;0.0;0.0;0.0;0.0;0.0;0.0;0.011073744939044691
naver.com;0.07107132296392177;0.08530190404480882;0.0676258583701059;0.0578515784101721;0.07439101180854266;0.11533702737302935;0.08133485783480966;0.03408312200294432;0.15480256722054653;0.0;0.1293872862505211;0.0;0.0;0.0;0.0;0.0;0.0;0.0;0.0;0.0;0.0;0.0;0.0;0.0;0.0;0.0;0.0;0.0;0.0;0.0;0.0;0.0;0.0;0.0;0.0;0.0;0.0;0.0;0.0;0.0;0.0;0.0;0.0;0.0;0.0;0.0;0.0;0.0;0.0;0.0;0.0;0.0;0.0;0.0;0.0;0.0;0.0;0.0;0.0;0.0;0.0;0.0;0.0;0.0;0.0;0.0;0.0;0.0;0.0;0.0;0.0;0.12881346372059774
chosun.com;0.0019268507345088363;0.07216914013182728;0.01641283001587142;0.050966452597098685;0.0385958354862018;0.0619242942525055;0.029672193722370475;0.08311929305995201;0.09965192724530772;0.08765113785435094;0.039410808560689306;0.09476749631412207;0.023854349013775814;0.0;0.08664136806111103;0.07934119986387604;0.1065288776847059;0.0;0.0;0.0;0.0;0.0;0.0;0.0;0.0;0.0;0.0;0.0;0.0;0.0;0.0;0.0;0.0;0.0;0.0;0.0;0.0;0.0;0.0;0.0;0.0;0.0;0.0;0.0;0.0;0.0;0.0;0.0;0.0;0.0;0.0;0.0;0.0;0.0;0.0;0.0;0.0;0.0;0.0;0.0;0.0;0.0;0.0;0.0;0.0;0.0;0.0;0.0;0.0;0.0;0.0;0.027365945401725246
express.pk;0.03853041084057114;0.007331844662882136;0.07620314135600796;0.03171263363648911;0.06867553907651902;0.03833467089814648;0.07645396141525022;0.0073214293692338145;0.0323264713823592;0.07298222093297577;0.021105392043468316;0.01364882921436637;0.08651266008055179;0.01709911849801161;0.06916701990673374;0.04303219764398089;0.0;0.08253025171367824;0.07232479671791714;0.006000765733745538;0.0763616413778418;0.025193220551539827;0.0;0.0;0.0;0.0;0.0;0.0;0.0;0.0;0.0;0.0;0.0;0.0;0.0;0.0;0.0;0.0;0.0;0.0;0.0;0.0;0.0;0.0;0.0;0.0;0.0;0.0;0.0;0.0;0.0;0.0;0.0;0.0;0.0;0.0;0.0;0.0;0.0;0.0;0.0;0.0;0.0;0.0;0.0;0.0;0.0;0.0;0.0;0.0;0.0;0.03715178294772965
dawn.com;0.20819020217536185;0.3802253167934326;0.0;0.0;0.0;0.0;0.0;0.0;0.0;0.0;0.0;0.0;0.0;0.0;0.0;0.0;0.0;0.0;0.0;0.0;0.0;0.0;0.0;0.0;0.0;0.0;0.0;0.0;0.0;0.0;0.0;0.0;0.0;0.0;0.0;0.0;0.0;0.0;0.0;0.0;0.0;0.0;0.0;0.0;0.0;0.0;0.0;0.0;0.0;0.0;0.0;0.0;0.0;0.0;0.0;0.0;0.0;0.0;0.0;0.0;0.0;0.0;0.0;0.0;0.0;0.0;0.0;0.0;0.0;0.0;0.0;0.41158448103120576
jang.com.pk;0.026304786277336033;0.09043212259747706;0.043005687979367345;0.09576014675520275;0.018175928319089343;0.06196454242994085;0.051635653104726995;0.09497193927223233;0.10015315417654487;0.024779000800498455;0.03700509160503738;0.005128074532692893;0.0;0.01808870275817051;0.059175376943158275;0.052459365909999264;0.07440561245239433;0.06710625789759506;0.011312028616274452;0.0;0.0;0.0;0.0;0.0;0.0;0.0;0.0;0.0;0.0;0.0;0.0;0.0;0.0;0.0;0.0;0.0;0.0;0.0;0.0;0.0;0.0;0.0;0.0;0.0;0.0;0.0;0.0;0.0;0.0;0.0;0.0;0.0;0.0;0.0;0.0;0.0;0.0;0.0;0.0;0.0;0.0;0.0;0.0;0.0;0.0;0.0;0.0;0.0;0.0;0.0;0.0;0.06813652757226181
inquirer.net;0.015002226605321209;0.0018759961278723496;0.005405364700245074;0.02295467678680928;0.007179804698160944;0.018701103051900404;0.013551803689003558;0.027169315358798473;0.007004849185568698;0.015405396011651066;0.03837959981039;0.03834935784555565;0.02834580880063128;0.030836455612639514;0.0012776469013135612;0.019608090219559525;0.016156390220854917;0.003617047480912216;0.01654389605234724;0.014380886478219113;0.02515466025597561;0.029488010408646664;0.005829645212218279;0.013890600433261137;0.017511914999090755;0.023614105902218536;0.036480061383222906;0.01267584908908067;0.01942677337658281;0.02249148955940938;0.027371891169485903;0.02725578837599076;0.034857371620501884;0.0013191559653688214;0.04009667665691819;0.031004708577977626;0.037294557325562624;0.031146445158327363;0.008689660989374506;0.030217794464371808;0.027354270411614427;0.01503324259912194;0.028255871028351538;0.04039289493302744;0.0;0.03154968293922685;0.0;0.0;0.0;0.0;0.0;0.0;0.0;0.0;0.0;0.0;0.0;0.0;0.0;0.0;0.0;0.0;0.0;0.0;0.0;0.0;0.0;0.0;0.0;0.0;0.0;0.03985116152731741
rappler.com;0.01569345534755146;0.0876136579647704;0.19807621889154728;0.21893683405525594;0.047046681565729054;0.13790143918307804;0.003812453995055164;0.0019549685120431558;0.0;0.03311567021223216;0.23944173400145444;0.0;0.0;0.0;0.0;0.0;0.0;0.0;0.0;0.0;0.0;0.0;0.0;0.0;0.0;0.0;0.0;0.0;0.0;0.0;0.0;0.0;0.0;0.0;0.0;0.0;0.0;0.0;0.0;0.0;0.0;0.0;0.0;0.0;0.0;0.0;0.0;0.0;0.0;0.0;0.0;0.0;0.0;0.0;0.0;0.0;0.0;0.0;0.0;0.0;0.0;0.0;0.0;0.0;0.0;0.0;0.0;0.0;0.0;0.0;0.0;0.016406886271282953
nu.nl;0.04282122483627114;0.01741224533250721;0.04115911361897474;0.009139874088279371;0.022967436656594228;0.036248564020451235;0.046113868853854316;0.04799312478683301;0.030247619361220432;0.005141500120477316;0.00793381144356197;0.03316206406215615;0.0015057043816934527;0.02261652115330987;0.019356805568334242;0.002688227302688441;0.0250277139780454;0.006419445265531479;0.00902013198462013;0.0;0.034742485446239584;0.030706837130786726;0.012536164586297565;0.015651183487912498;0.035241295392387;0.003493373610389238;0.015749332132829964;0.03742062598508521;0.03101801004151095;0.012703396995634556;0.024478277417510314;0.007926408845031232;0.02304745100996617;0.002161674470667797;0.008782101078550522;0.0016754036842159265;0.020265166586744383;0.03547524383735498;0.0002890215554439513;0.001534352530791;0.04694470649133574;0.00012694027810866167;0.0029317263446693572;0.03307288766574933;0.00031090082287567984;0.0421092883306556;0.017674217111854476;0.0043287091901045936;0.023571636281261302;0.03341348849751263;0.0;0.0;0.0;0.0;0.0;0.0;0.0;0.0;0.0;0.0;0.0;0.0;0.0;0.0;0.0;0.0;0.0;0.0;0.0;0.0;0.0;0.013642696345118879
rtlnieuws.nl;0.017646330334214633;0.007305923451856395;0.041732891040811404;0.03422579308499017;0.04273810635953089;0.02737601908109709;0.03742530430286205;0.0032616066339110645;0.024261304408369214;0.03340280051788821;0.010041762642990934;0.010477120524363772;0.04607298311609227;0.02486128340768644;0.025410047195567404;0.0;0.03935170644212405;0.0011084168874407;0.054063161876158485;0.030333220043297426;0.005965667319954654;0.02193277278613671;0.05494596434414789;0.029440998271734364;0.011574160500849258;0.03936368574391351;0.02754105400200246;0.0560257346801644;0.04304844755871579;0.009227395532770806;0.023170778630480317;0.037177818163947766;0.0024485657444074413;0.023533497739406342;0.0008933937900246475;0.0010047498971163308;0.005263151115205768;0.0550406198993179;0.025165093345044673;0.0;0.0;0.0;0.0;0.0;0.0;0.0;0.0;0.0;0.0;0.0;0.0;0.0;0.0;0.0;0.0;0.0;0.0;0.0;0.0;0.0;0.0;0.0;0.0;0.0;0.0;0.0;0.0;0.0;0.0;0.0;0.0;0.016140669583406382
rbc.ru;0.05318305288981046;0.054405324920493055;0.04470823116453018;0.03895815533720118;0.005396215657346994;0.04666892738103028;0.045247619417362925;0.010236605114247298;0.041863796425805684;0.01809240060674401;0.04892721906982451;0.05362892041192475;0.05305672535650562;0.060303253345891275;0.06543269076971646;0.049492826454714346;0.060995677543549835;0.013982603203907745;0.015925543942261658;0.0566131346909463;0.0029573260070845215;0.038246445407361135;0.01858672480574123;0.0;0.015175729568939174;0.01981357779769299;0.004441305553100736;0.025945606047214936;0.021408047830446354;0.0;0.0;0.0;0.0;0.0;0.0;0.0;0.0;0.0;0.0;0.0;0.0;0.0;0.0;0.0;0.0;0.0;0.0;0.0;0.0;0.0;0.0;0.0;0.0;0.0;0.0;0.0;0.0;0.0;0.0;0.0;0.0;0.0;0.0;0.0;0.0;0.0;0.0;0.0;0.0;0.0;0.0;0.016306313278604045
ria.ru;0.0676160419962094;0.0931375413205889;0.021286556932090615;0.12873063680443164;0.18606716179007524;0.12063440945000227;0.07477976773840682;0.18207189132887366;0.0816476123288166;0.0;0.0;0.0;0.0;0.0;0.0;0.0;0.0;0.0;0.0;0.0;0.0;0.0;0.0;0.0;0.0;0.0;0.0;0.0;0.0;0.0;0.0;0.0;0.0;0.0;0.0;0.0;0.0;0.0;0.0;0.0;0.0;0.0;0.0;0.0;0.0;0.0;0.0;0.0;0.0;0.0;0.0;0.0;0.0;0.0;0.0;0.0;0.0;0.0;0.0;0.0;0.0;0.0;0.0;0.0;0.0;0.0;0.0;0.0;0.0;0.0;0.0;0.04402838031050472
rambler.ru;0.12094932743060878;0.015434913039203153;0.003011509632761464;0.21495284096505746;0.23553872369107934;0.0;0.037245279371290525;0.053558144428434526;0.10455333325825003;0.0;0.0;0.0;0.0;0.0;0.0;0.0;0.0;0.0;0.0;0.0;0.0;0.0;0.0;0.0;0.0;0.0;0.0;0.0;0.0;0.0;0.0;0.0;0.0;0.0;0.0;0.0;0.0;0.0;0.0;0.0;0.0;0.0;0.0;0.0;0.0;0.0;0.0;0.0;0.0;0.0;0.0;0.0;0.0;0.0;0.0;0.0;0.0;0.0;0.0;0.0;0.0;0.0;0.0;0.0;0.0;0.0;0.0;0.0;0.0;0.0;0.0;0.21475592818331474
news.mail.ru;0.027813217878167287;0.012021393014561744;0.040657751661948204;0.04420216830018034;0.048615415939677865;0.02771005659074957;0.053555237390549196;0.004110668433600792;0.051044200139688266;0.007548711017160299;0.0032413000973354968;0.0528246164793592;0.017439133028324453;0.02438180192911639;0.024545001280011858;0.03339937997522551;0.050017817783414784;0.052588846675625384;0.02242236787789959;0.04189812710153001;1.1101962592627807e-05;0.008093294739627136;0.04065200199103571;0.04273654184411176;0.026195974256841857;0.0006355830446508079;0.009329576149144916;0.004870462886488527;0.010440612925448381;0.019565573150513348;0.04577941183067565;0.014157641175501003;0.045470322570536195;0.0366758944641975;0.0021785397115074946;0.00151386613676314;0.029087780069801256;0.0;0.0;0.0;0.0;0.0;0.0;0.0;0.0;0.0;0.0;0.0;0.0;0.0;0.0;0.0;0.0;0.0;0.0;0.0;0.0;0.0;0.0;0.0;0.0;0.0;0.0;0.0;0.0;0.0;0.0;0.0;0.0;0.0;0.0;0.022568608496436604
aljazeera.com;0.017151456545208683;0.0069294035305072135;0.03111019472920015;0.0009253206805604053;0.03540798786457863;0.0057282542042779855;0.02680322050797363;0.029001499101804638;0.034789340487824706;0.008280419352357666;0.02815861604906063;0.02151861175793653;0.004356312427074673;0.031911548743022725;0.028756136955030105;0.010657742564099987;0.034687077728051095;0.014446268482935447;0.01762064969373084;0.023827929634142302;0.032248802353717486;0.024458141756174327;0.03523237612580635;0.0006669427449972685;0.030232336303520905;0.00042015831602001757;0.022065342668604424;0.008898288143302823;0.026922557461476853;0.005930997555643777;0.031134813185976;0.021968668522824624;0.001090661203661065;0.0055388729218932954;0.030833095543576945;0.012593380918994666;0.02971338088538855;0.013607702439083684;0.0017738880489533055;0.0033387946426371284;0.03467495030208032;0.023931844365485046;0.004817896631246958;0.01767186686101975;0.035664078309510926;0.03089151017328718;0.01743667472297314;0.014732202189758587;0.029998777711576812;0.0;0.035265794180250463;0.0;0.0;0.0;0.0;0.0;0.0;0.0;0.0;0.0;0.0;0.0;0.0;0.0;0.0;0.0;0.0;0.0;0.0;0.0;0.0;0.004177211771179291
wp.pl;0.0033717764374545578;0.021209611928351302;0.0477107590214379;0.03437598753742214;0.010230584692757068;0.026068134150034408;0.02423999760417998;0.019599410786480087;0.004630410052206157;0.013205999332751727;0.010746753750607657;0.026474036677299615;0.0454567013651388;0.00822705968719478;0.021963701107668817;0.020620261259697664;0.01639777071576676;0.040913597892140684;0.04837429054791288;0.048592420244154264;0.003402795579029791;0.040999263099492166;0.0528696075069287;0.05326643367193305;0.019350021522607553;0.02279131036013504;0.049051564559644704;0.04483814285610803;0.024725884894728718;0.006387186856285122;0.013760994095075493;0.0045690158965708575;0.0426207386615443;0.03825921892615504;0.03912457819772524;0.0;0.008333926739370305;0.0;0.0;0.0;0.0;0.0;0.0;0.0;0.0;0.0;0.0;0.0;0.0;0.0;0.0;0.0;0.0;0.0;0.0;0.0;0.0;0.0;0.0;0.0;0.0;0.0;0.0;0.0;0.0;0.0;0.0;0.0;0.0;0.0;0.0;0.04324005178600869
onet.pl;0.06016982023942225;0.07976542951456016;0.0;0.06922900403477361;0.12555579181034962;0.04932505918963961;0.1065678826903116;0.08159728453312524;0.01858067539690756;0.10444388719552407;0.0704969486696264;0.07268905115021873;0.07089314728245688;0.0;0.0;0.0;0.0;0.0;0.0;0.0;0.0;0.0;0.0;0.0;0.0;0.0;0.0;0.0;0.0;0.0;0.0;0.0;0.0;0.0;0.0;0.0;0.0;0.0;0.0;0.0;0.0;0.0;0.0;0.0;0.0;0.0;0.0;0.0;0.0;0.0;0.0;0.0;0.0;0.0;0.0;0.0;0.0;0.0;0.0;0.0;0.0;0.0;0.0;0.0;0.0;0.0;0.0;0.0;0.0;0.0;0.0;0.09068601829308406
interia.pl;0.03315394652713149;0.045311419250457036;0.04184258815264296;0.03997332492951704;0.04417073080004898;0.026601641579730342;0.05215326417546002;0.042453404160315115;0.050701459235164184;0.047917883964441126;0.04605982236412788;0.03617831683709285;0.023862277620070184;0.008462229974321864;0.027915724365402742;0.0539558649789035;0.016793954898868542;0.014804551049963921;0.014994454257963693;0.02561490808103008;0.05074599250907861;0.0010164751774824536;0.02154004317148952;0.04476978017893442;0.029760121938783562;0.0433894414943621;0.04086102473238035;0.05300122661782217;0.0038450367241049006;0.0;0.0;0.0;0.0;0.0;0.0;0.0;0.0;0.0;0.0;0.0;0.0;0.0;0.0;0.0;0.0;0.0;0.0;0.0;0.0;0.0;0.0;0.0;0.0;0.0;0.0;0.0;0.0;0.0;0.0;0.0;0.0;0.0;0.0;0.0;0.0;0.0;0.0;0.0;0.0;0.0;0.0;0.01814909025290843
o2.pl;0.0031275058237154514;0.02695093553636661;0.018083433631587636;0.06271611538220233;0.03713672580209588;0.0622611286367288;0.0372995397156344;0.03690982022214045;0.014254712361109425;0.04896482054870418;0.04340587482781682;0.024378198803486937;0.06096282410920355;0.0;0.04702002267793187;0.03318291172400106;0.021971888653525902;0.025911019328210057;0.005610654688596558;0.05085399916554928;0.001872675299104568;0.0022919312427537968;0.02309374969965256;0.025446009960320586;0.005746019163571626;0.04261824199710057;0.0654893770924779;0.022165529526552586;0.008962170692845238;0.004836124665176072;0.024350953645880257;0.047118140787816454;0.0;0.0;0.0;0.0;0.0;0.0;0.0;0.0;0.0;0.0;0.0;0.0;0.0;0.0;0.0;0.0;0.0;0.0;0.0;0.0;0.0;0.0;0.0;0.0;0.0;0.0;0.0;0.0;0.0;0.0;0.0;0.0;0.0;0.0;0.0;0.0;0.0;0.0;0.0;0.06500694458814056
gazeta.pl;0.014642950989632881;0.003933058151719634;0.01567778906347086;0.029793912658765607;0.05440851956393206;0.007899256455478815;0.032895794675902146;0.0662148501724164;0.01678813261089611;0.01786640488180447;0.03255111364970914;0.05828380908617184;0.04650897695554971;0.06420544888208145;0.05683632930660515;0.02998061392387895;0.06335531349741624;0.03982732499141611;0.05803964071077471;0.005697762820693729;0.03484763188673345;0.03944749591880889;0.05810921013393858;0.04781333592640224;0.0360468577165247;0.00934085985982809;0.044723298788200035;0.0;0.0;0.0;0.0;0.0;0.0;0.0;0.0;0.0;0.0;0.0;0.0;0.0;0.0;0.0;0.0;0.0;0.0;0.0;0.0;0.0;0.0;0.0;0.0;0.0;0.0;0.0;0.0;0.0;0.0;0.0;0.0;0.0;0.0;0.0;0.0;0.0;0.0;0.0;0.0;0.0;0.0;0.0;0.0;0.014264306721247991
ukr.net;0.0493779838673272;0.0593215253677073;0.04550589618049744;0.026913568747027446;0.03973171461276208;0.03166853776338846;0.029614145321885405;0.005831369258584369;0.010242222463285294;0.03574784825498882;0.053321238272676784;0.03259097631439017;0.01918373266551666;0.03122692717731377;0.017577345737685206;0.07014102115323827;0.05599576143292224;0.028656941049860638;0.057294934539781565;0.06141828275307465;0.058280514956860124;0.018432878475251015;0.037506872448534886;0.0;0.05179989058047214;0.018221118992765257;0.0;0.0;0.0;0.0;0.0;0.0;0.0;0.0;0.0;0.0;0.0;0.0;0.0;0.0;0.0;0.0;0.0;0.0;0.0;0.0;0.0;0.0;0.0;0.0;0.0;0.0;0.0;0.0;0.0;0.0;0.0;0.0;0.0;0.0;0.0;0.0;0.0;0.0;0.0;0.0;0.0;0.0;0.0;0.0;0.0;0.05439675161220262
pravda.com.ua;0.01845307546106038;0.032043200250699184;0.03269615142894505;0.025474191644258033;0.005597624118950202;0.038002506494545896;0.014696825402907272;0.04585526701164679;0.01142233355041042;0.007961959928407527;0.05231847564625953;0.03521428676170388;0.005031631365989385;0.044047131315385325;0.008565368582356457;0.005506933869806772;0.002551073309538597;0.052369095969662056;0.022741373687428252;0.009066093830679843;0.011593588948897351;0.04432263967450083;0.04475481647797778;0.045712209127259484;0.042499736825244085;0.004516232291396258;0.05364094458340745;0.0;0.033165879782730334;0.015624547192064762;0.012247616077673513;0.022145796678421058;0.03791507662967059;0.03546379291207125;0.03984570476615648;0.03438767367256581;0.05113635175378102;0.0;0.0;0.0;0.0;0.0;0.0;0.0;0.0;0.0;0.0;0.0;0.0;0.0;0.0;0.0;0.0;0.0;0.0;0.0;0.0;0.0;0.0;0.0;0.0;0.0;0.0;0.0;0.0;0.0;0.0;0.0;0.0;0.0;0.0;0.0014127929755414078
tsn.ua;0.01104388100743651;0.01887010536949861;0.030636988703157463;0.02674352818349224;0.03143466916700918;0.014456542751232877;0.027178365825728884;0.027463225118063404;0.027785637264904503;0.03351661036935692;0.0026988198693554425;0.005302067050638562;0.028657617112711507;0.020495798925751287;0.026914623707919083;0.037843301237110084;0.025654565116767343;0.03719754640842768;0.02701352523400533;0.020799536609487648;0.008227125450412737;0.016304277074997733;0.0017609762752156845;0.015513607959431772;0.010928838164433184;0.01476338518088178;0.03410305956572605;0.0310852675520393;0.0037447648725350757;0.005156071442703357;0.035214086412460724;0.030860108040093093;0.004974385219539506;0.03477134339838772;0.022797769306993974;0.004890336912578118;0.006098164333000085;0.022748925627616583;0.028871282117326393;0.032442713757977616;0.007014718071677946;0.00025346570463621697;0.0;0.021157060307318426;0.02798643420774027;0.022044996638983783;0.03334094333095888;0.012350694677860298;0.018976266543783333;0.0;0.0;0.0;0.0;0.0;0.0;0.0;0.0;0.0;0.0;0.0;0.0;0.0;0.0;0.0;0.0;0.0;0.0;0.0;0.0;0.0;0.0;0.009911976820635571
argaam.com;0.024889976011233897;0.08223931319352137;0.09220239548172003;0.053460026917637016;0.128737152592861;0.09514162100217857;0.052417410084438204;0.041384819583913345;0.04127649352517916;0.09980347803413926;0.052858607422630606;0.1221880963141074;0.0;0.0;0.0;0.0;0.0;0.0;0.0;0.0;0.0;0.0;0.0;0.0;0.0;0.0;0.0;0.0;0.0;0.0;0.0;0.0;0.0;0.0;0.0;0.0;0.0;0.0;0.0;0.0;0.0;0.0;0.0;0.0;0.0;0.0;0.0;0.0;0.0;0.0;0.0;0.0;0.0;0.0;0.0;0.0;0.0;0.0;0.0;0.0;0.0;0.0;0.0;0.0;0.0;0.0;0.0;0.0;0.0;0.0;0.0;0.1134006098364401
aktuality.sk;0.006170901333982457;0.0010138368893034932;0.018691103376915312;0.026989321705030343;0.004618625289898368;0.017405766859646666;0.0330820202886998;0.029830374869267845;0.03339368384466234;0.027548967416471754;0.005028177651472072;0.03457912928411107;0.01084501774509278;0.034550312812295;0.03655249843738696;0.00772792783134662;0.0236673949228896;0.029459204866576976;0.019419695991764;0.026456326846737252;0.011997827707742716;0.010575815819255272;0.023034555580422958;0.0347451443581829;0.03210858642510925;0.02249952151337303;0.009577728775378429;0.024978006794015527;0.03273400580192612;0.014669997727505638;0.01220464968015496;0.021204329359975228;0.010307987009728245;0.014755233757464053;0.01172118724563773;0.03969156087426902;0.037391972846572204;0.02782788497516629;0.028189332379263556;0.021242906567064342;0.005509538539017678;0.032774567617015596;0.03080053665947098;0.00045919877621546486;0.002421234497099629;0.01278839142718368;0.02634388907114419;0.0;0.01207058597227029;0.004014476266296264;0.0;0.0;0.0;0.0;0.0;0.0;0.0;0.0;0.0;0.0;0.0;0.0;0.0;0.0;0.0;0.0;0.0;0.0;0.0;0.0;0.0;0.004329057712527801
cas.sk;0.041143712154472184;0.05477154051560285;0.05440170119668898;0.01975106287355764;0.04742789801790411;0.013384788756887322;0.034034099776826324;0.030565850694141174;0.05469686978495202;0.009570470597795323;0.019096460361130097;0.0512040697568445;0.01937333506587493;0.0418506600788377;0.04242680833064125;0.050660393036185136;0.018713419400751396;0.0263803415586087;0.0;0.009323857551643179;0.02859612389717063;0.010730850286001577;0.054646553696809;0.03513276241462287;0.02456385853940023;0.06210750898423462;0.025020645075548333;0.06229684471253555;0.0;0.0;0.0;0.0;0.0;0.0;0.0;0.0;0.0;0.0;0.0;0.0;0.0;0.0;0.0;0.0;0.0;0.0;0.0;0.0;0.0;0.0;0.0;0.0;0.0;0.0;0.0;0.0;0.0;0.0;0.0;0.0;0.0;0.0;0.0;0.0;0.0;0.0;0.0;0.0;0.0;0.0;0.0;0.05812751288433245
sme.sk;0.4423712612968792;0.02508847968325841;0.2066031390234116;0.0;0.0;0.0;0.0;0.0;0.0;0.0;0.0;0.0;0.0;0.0;0.0;0.0;0.0;0.0;0.0;0.0;0.0;0.0;0.0;0.0;0.0;0.0;0.0;0.0;0.0;0.0;0.0;0.0;0.0;0.0;0.0;0.0;0.0;0.0;0.0;0.0;0.0;0.0;0.0;0.0;0.0;0.0;0.0;0.0;0.0;0.0;0.0;0.0;0.0;0.0;0.0;0.0;0.0;0.0;0.0;0.0;0.0;0.0;0.0;0.0;0.0;0.0;0.0;0.0;0.0;0.0;0.0;0.3259371199964508
pravda.sk;0.01875079816769345;0.02968699616844568;0.007231142453027934;0.005331494593740202;0.001571196058101824;0.038140748920941936;0.02408000358795157;0.03910171023289268;0.016779966480827625;0.005811998907335182;0.011542692898049892;0.02510028754673796;0.024573112532406842;0.037778821170191726;0.04187381966690434;0.005689247189882088;0.004040022693713352;0.0175084689533052;0.025487044425604215;0.013247261304071074;0.00989957620274678;0.03730276321131563;0.005602834695790673;0.015768833805005555;0.017732438720653537;0.0014426345910803669;0.039597660053233376;0.01450736170806835;0.013849694304777092;0.02670526233232641;0.03430141246681198;0.004921396545677139;0.0155082798331258;0.02193520874508862;0.04556342310600354;0.00617061843658429;0.013651660623643027;0.028006056247037857;0.021082918546218233;0.011178616057808469;0.01727880557569055;0.04234501639114258;0.004896946166023108;0.028372886198710475;0.00930103877838314;0.02495388326086329;0.01256102962299911;0.008872495863227666;0.010848542870715114;0.008376417280454245;0.006781262515373242;0.0;0.01768610930265744;0.00801942096340281;0.008734004567502509;0.0;0.0;0.0;0.0;0.0;0.0;0.0;0.0;0.0;0.0;0.0;0.0;0.0;0.0;0.0;0.0;0.012916656458033313
topky.sk;0.04172934145887141;0.03380026221149725;0.0009839972253337828;0.029782137042721018;0.034773348015122996;0.030719412951091075;0.021609221394503813;0.031174885773643093;0.011376394656988744;0.0027795098991859014;0.025052949874428913;0.03323609100526197;0.0456723967812824;0.02639754622635732;0.004066339409509485;0.030139889018120567;0.012132002291181434;0.01076931373943325;0.005071580716073146;0.002854843829276714;0.03010517654053217;0.03994491329283575;0.009953688580858195;0.03641638128925512;0.038196080490849674;0.043085258048200514;0.04065455555787778;0.04352603713566369;0.010915625793729901;0.04155940898528945;0.03790504972900085;0.008300988534119574;0.011538677816953622;0.025736155813839864;0.027616992448743313;0.004571548643703206;0.012444893145608895;0.027611155460544448;0.0;0.01646149078856791;0.025905966317271153;0.0;0.0;0.0;0.0;0.0;0.0;0.0;0.0;0.0;0.0;0.0;0.0;0.0;0.0;0.0;0.0;0.0;0.0;0.0;0.0;0.0;0.0;0.0;0.0;0.0;0.0;0.0;0.0;0.0;0.0;0.03342849206667036
vg.no;0.005218830860861121;0.007564316076181299;0.028720288070040657;0.02465974088799556;0.012889242145294577;0.00532807134858637;0.035948150680426096;0.023699860301426626;0.034476717733166545;0.027963466431569457;0.0;0.017859000091655274;0.010172452184171685;0.005245456585674301;0.027336517868162512;0.007522969872564745;0.02849628688173479;0.00920763113035875;0.022897352645501558;0.0007893222089238653;0.022323339001869436;0.024401355075923857;0.018055703971300532;0.020841635934500027;0.0034945554090377385;0.02596257120023654;0.0006672942839901804;0.01584758636451276;0.02841300741329652;0.029665680946728376;0.027431023238929063;0.03221894069763345;0.0019194327138628649;0.017629355517351203;0.02484336907777248;0.03234332623663199;0.0088331761795486;0.014385538578446891;0.0201592278613936;0.031194668624256287;0.02636961829593796;0.02083230372283554;0.016591654520359513;0.033663938948296904;0.004352777094596315;0.033536874010272805;0.029461408949745457;0.005507921065759789;0.03491714056352821;0.03205323298499283;0.0;0.0;0.0;0.0;0.0;0.0;0.0;0.0;0.0;0.0;0.0;0.0;0.0;0.0;0.0;0.0;0.0;0.0;0.0;0.0;0.0;0.02608666751215679
dagbladet.no;0.018420292456059542;0.0622448823286455;0.017409620339138194;0.03195197140378089;0.05517333745919512;0.011161669995662095;0.02186281453618879;0.03805484318910858;0.027597790964353896;0.01798186660129616;0.008988908974562393;0.0;0.012294332486585506;0.017849369632210885;0.006424720817818334;0.003421891728470556;0.02770484849461424;0.034631761786014556;0.02320036399170197;0.03783164347589064;0.05184970321976783;0.06301020859723441;0.06094022731613522;0.03521903143403159;0.02292804391288557;0.03697054471033332;0.02235047600304226;0.04282038817685528;0.0416050424459665;0.03333815876859531;0.021074885204788514;0.002034808049265903;0.058323597996521134;0.0;0.0;0.0;0.0;0.0;0.0;0.0;0.0;0.0;0.0;0.0;0.0;0.0;0.0;0.0;0.0;0.0;0.0;0.0;0.0;0.0;0.0;0.0;0.0;0.0;0.0;0.0;0.0;0.0;0.0;0.0;0.0;0.0;0.0;0.0;0.0;0.0;0.0;0.03332795350327932
nettavisen.no;0.14696960077862198;0.12383980605104095;0.0;0.5430730784073314;0.0;0.0;0.0;0.0;0.0;0.0;0.0;0.0;0.0;0.0;0.0;0.0;0.0;0.0;0.0;0.0;0.0;0.0;0.0;0.0;0.0;0.0;0.0;0.0;0.0;0.0;0.0;0.0;0.0;0.0;0.0;0.0;0.0;0.0;0.0;0.0;0.0;0.0;0.0;0.0;0.0;0.0;0.0;0.0;0.0;0.0;0.0;0.0;0.0;0.0;0.0;0.0;0.0;0.0;0.0;0.0;0.0;0.0;0.0;0.0;0.0;0.0;0.0;0.0;0.0;0.0;0.0;0.18611751476300553
e24.no;0.17347438813531574;0.13573453739401786;0.16979672196499251;0.0;0.15240240701434057;0.17372590685412975;0.048226223097157676;0.0;0.0;0.0;0.0;0.0;0.0;0.0;0.0;0.0;0.0;0.0;0.0;0.0;0.0;0.0;0.0;0.0;0.0;0.0;0.0;0.0;0.0;0.0;0.0;0.0;0.0;0.0;0.0;0.0;0.0;0.0;0.0;0.0;0.0;0.0;0.0;0.0;0.0;0.0;0.0;0.0;0.0;0.0;0.0;0.0;0.0;0.0;0.0;0.0;0.0;0.0;0.0;0.0;0.0;0.0;0.0;0.0;0.0;0.0;0.0;0.0;0.0;0.0;0.0;0.14663981554004596
abcnyheter.no;0.03625864424300776;0.004479646899855918;0.04695255600656032;0.024698885792960062;0.03990244033731209;0.02291968430471926;0.02095189444617108;0.0189602291096686;0.006397005494938972;0.029933994756507612;0.02433356966486652;0.03280872753612886;0.007994978443182556;0.045122122569277744;0.015773654302324497;0.005063725874790842;0.010628425003805227;0.035569688617029964;0.033185096818051596;0.007568455209629591;0.0351798318486969;0.02194737717033717;0.022111430820015092;0.04625773077684816;0.019483666789894414;0.008550449750626226;0.0008948248252669811;0.007881279485390068;0.02560419380224437;0.04981467420332046;0.007965093668843215;0.010931646529881245;0.03552251125405601;0.0007429114772335003;0.0;0.0175863394062944;0.01840143617011314;0.04821408701813265;0.026812543731629616;0.052621133235276715;0.03975110231144291;0.0;0.0;0.0;0.0;0.0;0.0;0.0;0.0;0.0;0.0;0.0;0.0;0.0;0.0;0.0;0.0;0.0;0.0;0.0;0.0;0.0;0.0;0.0;0.0;0.0;0.0;0.0;0.0;0.0;0.0;0.034222310293668075
indiansinkuwait.com;0.01015243186631731;0.04104180476590509;0.04271011533118375;0.014855651324347663;0.029237763428764506;0.010275071667745156;0.045156647286223796;0.0019416186820907578;0.0007241648676193952;0.0048723088183836175;0.01855078027750583;0.021092198474768082;0.039356132906229864;0.011129716076544713;0.015472965063096852;0.02602888442720308;0.028447353053257976;0.009166222617554223;0.04028504057377875;0.03660526292410146;0.008207515448156826;0.027188704091872108;0.03686898044765026;0.02487445137536021;0.02909603903337891;0.04102976851086248;0.0063701424013161215;0.02312294381150301;0.010640463536004523;0.02612461343202293;0.025476191777172728;0.02083128817483834;0.03524707500734976;0.03252614524020617;0.0390149841282951;0.04625863309924544;0.03371944415428721;0.025549928209063245;0.00199653703778474;0.0;0.010268525534365393;0.03467943817939298;0.0;0.0;0.0;0.0;0.0;0.0;0.0;0.0;0.0;0.0;0.0;0.0;0.0;0.0;0.0;0.0;0.0;0.0;0.0;0.0;0.0;0.0;0.0;0.0;0.0;0.0;0.0;0.0;0.0;0.013806052937249721
infobae.com;0.003340601880926541;0.02400418470676864;0.0176471537935711;0.029454575045967994;0.005223488503231946;0.04475731059777915;0.025124125022703475;0.0018070675562981144;0.008781100441713931;0.021240770239098268;0.03881123409177036;0.012423995128224627;0.02863016383931965;0.03282295619737347;0.031964542179722666;0.04374151013348058;0.0020572190748523573;0.009346021329406769;0.013045491839163318;0.02910840550576064;0.0290641284967781;0.0028190405505914787;0.03692972328695217;0.029185231670006594;0.044589607102488084;0.0009582573696829842;0.042246655351591215;0.03266557953165013;0.029516457630922286;0.03786187556116132;0.0013550090964315224;0.03646962974481417;0.033210014872071744;0.0060754490104020144;0.040125693534706165;0.008458512761003671;0.03707799011350372;0.015036478586094746;0.034665631678354916;0.022834737999580884;0.0435785071612952;0.0;0.0;0.0;0.0;0.0;0.0;0.0;0.0;0.0;0.0;0.0;0.0;0.0;0.0;0.0;0.0;0.0;0.0;0.0;0.0;0.0;0.0;0.0;0.0;0.0;0.0;0.0;0.0;0.0;0.0;0.011943871782783309
lanacion.com.ar;0.030023787901685483;0.05376645905070234;0.01565597989191957;0.005507664320464604;0.04623525677616044;0.04653402153493145;0.059223006633064026;0.05531184434754526;0.042279792197154206;0.032573826023725494;0.07282044010611739;0.053717926608249124;0.022641212974294892;0.055517042293020596;0.00570111644309;0.048050131084800905;0.06677125884975746;0.05161387995375042;0.03953939150738895;0.0;0.07349499601818617;0.02148376326386326;0.03785891394320754;0.0;0.0;0.0;0.0;0.0;0.0;0.0;0.0;0.0;0.0;0.0;0.0;0.0;0.0;0.0;0.0;0.0;0.0;0.0;0.0;0.0;0.0;0.0;0.0;0.0;0.0;0.0;0.0;0.0;0.0;0.0;0.0;0.0;0.0;0.0;0.0;0.0;0.0;0.0;0.0;0.0;0.0;0.0;0.0;0.0;0.0;0.0;0.0;0.06367828827692038
clarin.com;0.008359590690281134;0.0687365754064838;0.048559978973683006;0.06917600685211964;0.04696451870890184;0.028654924596635926;0.020077867182984772;0.04234493791894866;0.033688557533843526;0.035730631455967964;0.025153239523066903;0.026216753838276086;0.016433656839253925;0.0488927766526778;0.026732819600805497;0.0532474522246628;0.0678670775431094;0.01454465710080339;0.02534927045437221;0.06521006286500178;0.060117454027897435;0.021804337769765498;0.02919933904822332;0.0;0.06550477899338084;0.0;0.0;0.0;0.0;0.0;0.0;0.0;0.0;0.0;0.0;0.0;0.0;0.0;0.0;0.0;0.0;0.0;0.0;0.0;0.0;0.0;0.0;0.0;0.0;0.0;0.0;0.0;0.0;0.0;0.0;0.0;0.0;0.0;0.0;0.0;0.0;0.0;0.0;0.0;0.0;0.0;0.0;0.0;0.0;0.0;0.0;0.051432734198852775
ambito.com;0.13416334808682942;0.0014048025463504355;0.0;0.1119591602716986;0.060456677084802526;0.01912533674431056;0.04014466885514178;0.07728626757105858;0.11717809933535195;0.04517865916535002;0.07159895642936986;0.0410164071392228;0.04506403130530954;0.12409036743330283;0.025141989252182386;0.025732092552840858;0.0;0.0;0.0;0.0;0.0;0.0;0.0;0.0;0.0;0.0;0.0;0.0;0.0;0.0;0.0;0.0;0.0;0.0;0.0;0.0;0.0;0.0;0.0;0.0;0.0;0.0;0.0;0.0;0.0;0.0;0.0;0.0;0.0;0.0;0.0;0.0;0.0;0.0;0.0;0.0;0.0;0.0;0.0;0.0;0.0;0.0;0.0;0.0;0.0;0.0;0.0;0.0;0.0;0.0;0.0;0.06045913622687776
pagina12.com.ar;0.014478135558413341;0.0691823649575605;0.042510716050553364;0.07443650152609013;0.07389555283437073;0.03484907870476122;0.027741391137026027;0.03962652541363488;0.026201799472020587;0.0801671061319199;0.03320296164388468;0.038176783187327486;0.042814387577236816;0.007163811715898824;0.022091397151548512;0.027893531141070155;0.032203991927926376;0.025143566373675676;0.08445708319336696;0.05089020667715758;0.03109088757298512;0.0;0.03738155882944978;0.0;0.0;0.0;0.0;0.0;0.0;0.0;0.0;0.0;0.0;0.0;0.0;0.0;0.0;0.0;0.0;0.0;0.0;0.0;0.0;0.0;0.0;0.0;0.0;0.0;0.0;0.0;0.0;0.0;0.0;0.0;0.0;0.0;0.0;0.0;0.0;0.0;0.0;0.0;0.0;0.0;0.0;0.0;0.0;0.0;0.0;0.0;0.0;0.08440066122212153
abv.bg;0.07620668997870607;0.01634649118184269;0.08616304718064142;0.05247054222125946;0.06691774918263692;0.09957537272678417;0.02493055002906239;0.04863664620243454;0.006335780753314265;0.05698653765696138;0.0795349837658956;0.05846385867668419;0.03085719872146425;0.10047962769503956;0.018018195346571626;0.013728644395368398;0.0;0.05480705365614272;0.008063277632537962;0.0;0.0;0.0;0.0;0.0;0.0;0.0;0.0;0.0;0.0;0.0;0.0;0.0;0.0;0.0;0.0;0.0;0.0;0.0;0.0;0.0;0.0;0.0;0.0;0.0;0.0;0.0;0.0;0.0;0.0;0.0;0.0;0.0;0.0;0.0;0.0;0.0;0.0;0.0;0.0;0.0;0.0;0.0;0.0;0.0;0.0;0.0;0.0;0.0;0.0;0.0;0.0;0.10147775299665243
24chasa.bg;0.028898256819081886;0.06357498479747167;0.013534708529187608;0.06672859321281707;0.06866898380966452;0.03708986465691411;0.0690003357490432;0.07862796361048212;0.000887056728975122;0.0466847906692424;0.032448234273488044;0.0860141624547137;0.002822060812534934;0.08571701289152323;0.08489685713524905;0.08299518615137251;0.06882987174681016;0.024485744062563042;0.05487329232356282;0.0;0.0;0.0;0.0;0.0;0.0;0.0;0.0;0.0;0.0;0.0;0.0;0.0;0.0;0.0;0.0;0.0;0.0;0.0;0.0;0.0;0.0;0.0;0.0;0.0;0.0;0.0;0.0;0.0;0.0;0.0;0.0;0.0;0.0;0.0;0.0;0.0;0.0;0.0;0.0;0.0;0.0;0.0;0.0;0.0;0.0;0.0;0.0;0.0;0.0;0.0;0.0;0.0032220395653028023
blitz.bg;0.01907314956904427;0.03835418695978737;0.018543290281839882;0.06729992910437163;0.09000936286533404;0.05712963834926306;0.003541566525567489;0.012571012820245588;0.02218076444919419;0.035213448235301315;0.09681865070550058;0.02608905377664992;0.05060574801564978;0.045312502248389834;0.060039678493978337;0.052588637632965424;0.017707665515482453;0.01054060840660519;0.006326521171980869;0.07202200254860217;0.08754006694377862;0.0;0.029092822273784624;0.0;0.0;0.0;0.0;0.0;0.0;0.0;0.0;0.0;0.0;0.0;0.0;0.0;0.0;0.0;0.0;0.0;0.0;0.0;0.0;0.0;0.0;0.0;0.0;0.0;0.0;0.0;0.0;0.0;0.0;0.0;0.0;0.0;0.0;0.0;0.0;0.0;0.0;0.0;0.0;0.0;0.0;0.0;0.0;0.0;0.0;0.0;0.0;0.08139969310668353
novini.bg;0.02642844223148273;0.012377755234295077;0.007898856397114054;0.021800973871568537;0.019211199671205176;0.011822809687646364;0.0310125578890161;0.03731560069865529;0.026117232884783848;0.003397809825943649;0.028022252175171257;0.009082779712868898;0.05797685499349644;0.043251119213327006;0.02150899243392844;0.04407315111709192;0.04291997846714575;0.04600406461532442;0.039058442282013335;0.04615371938132701;0.0055809400406351605;0.048129618148516094;0.03350717586856137;0.009040385899455623;0.01701031535352486;0.018752951745766033;0.017033386178654276;0.008735087012269929;0.005445899512938518;0.025479149623927125;0.053695578172289475;0.052305541063586064;0.0;0.03583914414980027;0.0568576258793929;0.026293170941229297;0.0;0.0;0.0;0.0;0.0;0.0;0.0;0.0;0.0;0.0;0.0;0.0;0.0;0.0;0.0;0.0;0.0;0.0;0.0;0.0;0.0;0.0;0.0;0.0;0.0;0.0;0.0;0.0;0.0;0.0;0.0;0.0;0.0;0.0;0.0;0.01085943762604772
marica.bg;0.0010325854460544643;0.0033465988151440283;0.03446045215886498;0.0028557503183320827;0.0447200574172359;0.025833120060403145;0.03685393250163218;0.021941087667409338;0.025728596339316043;0.024838555228046663;0.018440055296976628;0.004509881736008514;0.046886076197565435;0.04048310889384428;0.010353412809842798;0.0244328611903249;0.015545506659361722;0.02018708790634909;0.042454605100526274;0.02039481859262531;0.033215909671067696;0.010080899335316695;0.04703705361681114;0.004072773442290412;0.037346569603031135;0.0018935208111032047;0.022870493386233526;0.02829043656988175;0.03648128427180231;0.02036742788694981;0.024237587673355727;0.026520856135339284;0.006218923922853762;0.011092493596751078;0.008136840001405925;0.024160123445512428;0.02405038146332767;0.033546465764259126;0.0035650337369438523;0.008047678233267894;0.01791380899782132;0.025691853602487158;0.0010136460925816943;0.010928564446942087;0.01656256607461066;0.028367492293917364;0.0;0.0;0.0;0.0;0.0;0.0;0.0;0.0;0.0;0.0;0.0;0.0;0.0;0.0;0.0;0.0;0.0;0.0;0.0;0.0;0.0;0.0;0.0;0.0;0.0;0.02299116558827164
cbc.ca;0.01078718863493633;0.020460949937727742;0.039053425089516765;0.027931603667151847;0.006759890342687132;0.05255417253048673;0.005419836322103421;0.029097671580707245;0.043167087774497716;0.045483361383465294;0.0514812722693665;0.052721088222595226;0.010331097469325541;0.004557084394388778;0.051532956680261865;0.024932482522600417;0.014206239310404366;0.04220888910528376;0.024403384255785684;0.002913553061825982;0.05032026292790622;0.028308737549947324;0.0197876671357112;0.024206434102681553;0.050069176156674125;0.04777282159767045;0.0;0.03305752872859386;0.01908215603010218;0.012390192057243314;0.012119510913656852;0.013874660641695388;0.04118050229170187;0.03207255840936332;0.0;0.0;0.0;0.0;0.0;0.0;0.0;0.0;0.0;0.0;0.0;0.0;0.0;0.0;0.0;0.0;0.0;0.0;0.0;0.0;0.0;0.0;0.0;0.0;0.0;0.0;0.0;0.0;0.0;0.0;0.0;0.0;0.0;0.0;0.0;0.0;0.0;0.055754556901934316
ctvnews.ca;0.0029880578722980516;0.015678336034418774;0.0006574033803753174;0.013423956414708822;0.022814992316462543;0.026430909863282764;0.03229641192083305;0.02544002755939533;0.02761061998369987;0.011517314617305699;0.0036874245258900077;0.011372990469164764;0.021270234374214114;0.01568850749323933;0.031723607779401905;0.013206162880257888;0.014370051349159238;0.01516746902108446;0.007534156042948245;0.028818886280387673;0.027741239161551273;0.003315681499038795;0.006657196413613957;0.014294476920497703;0.028927257858784375;0.026658134329998587;0.026416513410475583;0.02736691980942417;0.025349565869558225;0.02439107801809907;0.02353946538633183;0.010973562958057759;0.02028750407546537;0.014740969475219154;0.02555219047887586;0.022037458758009876;0.002506664423887515;0.01069852053840051;0.023961871029831182;0.015949263708534833;0.029975899434192693;0.021504987438631537;0.02076449854014802;0.02266180709331232;0.004550009032456754;0.020037920207185724;0.0011603614340135798;0.022629092111195563;0.0029350955176791786;0.032469472375109235;0.031419452811425996;0.024847780201583573;0.0;0.02615831331637687;0.004367325049168445;0.0;0.0;0.0;0.0;0.0;0.0;0.0;0.0;0.0;0.0;0.0;0.0;0.0;0.0;0.0;0.0;0.011454931135337054
mako.co.il;0.015842559593796966;0.01627347185129037;0.03380514375680866;0.041764508708386085;0.008229932010271123;0.01077397779745188;0.012378852807511673;0.03556142044163137;0.030648858435482113;0.026797943058138568;0.019398437095132063;0.008865463180659795;0.005729795108451219;0.013021650337987963;0.04730542810838622;0.034282867528574235;0.02379162228199031;0.03402425326753223;0.040605645431940805;0.042670080276858056;0.01487785350720617;0.02122897711138939;0.005669150571776304;0.04006085411530598;0.03466986368983615;0.03795317966152051;0.03544792048358378;0.01825959020685424;0.035298758886506534;0.0394285973210141;0.02392210512552811;0.030342585825391438;0.03312865428790181;0.04466847199329711;0.022822433203961132;0.003573957457203381;0.0;0.02331776575193156;0.024979609621380856;0.002655874059510239;0.0;0.0;0.0;0.0;0.0;0.0;0.0;0.0;0.0;0.0;0.0;0.0;0.0;0.0;0.0;0.0;0.0;0.0;0.0;0.0;0.0;0.0;0.0;0.0;0.0;0.0;0.0;0.0;0.0;0.0;0.0;0.005921886040619414
walla.co.il;0.024942119691615045;0.12996816733973532;0.00693784231273175;0.11532765446878163;0.014187335184027544;0.0023232458742825004;0.022211414988422773;0.1170108917725331;0.0464079648319216;0.06679610119922097;0.024831890737672457;0.13062161490879892;0.054172494807966654;0.0;0.06670966091015408;0.08571788227834244;0.0;0.0;0.0;0.0;0.0;0.0;0.0;0.0;0.0;0.0;0.0;0.0;0.0;0.0;0.0;0.0;0.0;0.0;0.0;0.0;0.0;0.0;0.0;0.0;0.0;0.0;0.0;0.0;0.0;0.0;0.0;0.0;0.0;0.0;0.0;0.0;0.0;0.0;0.0;0.0;0.0;0.0;0.0;0.0;0.0;0.0;0.0;0.0;0.0;0.0;0.0;0.0;0.0;0.0;0.0;0.09183371869379336
ynet.co.il;0.009862715444973963;0.0021527807718678595;0.03065295246437015;0.016837516908516426;0.024140569966061416;0.00571936749867068;0.023962458830585575;0.04077926003283319;0.0310321285616544;0.024107052719150042;0.035698414460719904;0.03073923517847117;0.03106784640649603;0.009234006348803022;0.02507077609418717;0.0012890769880965262;0.030818819216521676;0.031208092885125938;0.01834847180818561;0.01839536724949956;0.038408427916775116;0.026379438517574363;0.0355847187807895;0.03506471699065297;0.030131395649976817;0.027968303550988137;0.03886948285749504;0.0033579624176489644;0.02432995666083479;0.038279716623637994;0.015351244619460556;0.04107848958482322;0.011782346261005444;0.022660486105604977;0.0061282129769544245;0.01939845643727533;0.012886989468437563;0.011608716219057243;0.0178952159450633;0.010442596331971801;0.038304603450543054;0.016548510145308032;0.0;0.0;0.0;0.0;0.0;0.0;0.0;0.0;0.0;0.0;0.0;0.0;0.0;0.0;0.0;0.0;0.0;0.0;0.0;0.0;0.0;0.0;0.0;0.0;0.0;0.0;0.0;0.0;0.0;0.03642310265333091
haaretz.co.il;0.004383991857350484;0.06714945425694693;0.1368070049624049;0.033276808885836034;0.09516129080231316;0.0;0.11627000822333065;0.18990927535294314;0.17901103775802954;0.0;0.0;0.0;0.0;0.0;0.0;0.0;0.0;0.0;0.0;0.0;0.0;0.0;0.0;0.0;0.0;0.0;0.0;0.0;0.0;0.0;0.0;0.0;0.0;0.0;0.0;0.0;0.0;0.0;0.0;0.0;0.0;0.0;0.0;0.0;0.0;0.0;0.0;0.0;0.0;0.0;0.0;0.0;0.0;0.0;0.0;0.0;0.0;0.0;0.0;0.0;0.0;0.0;0.0;0.0;0.0;0.0;0.0;0.0;0.0;0.0;0.0;0.17803112790084522
nzherald.co.nz;0.018343829471827826;0.049561585732075655;0.017912596574981798;0.04868041870610178;0.0360774445766572;0.02533960890474563;0.01931963048218831;0.04675714577593121;0.0035024449270309697;0.04368437777474787;0.03853164731948583;0.02841016839853445;0.04909785441510034;0.004577791403314293;4.16047865415372e-05;0.01654490329596105;0.015441311590569159;0.005431845547299932;0.02259705880054781;0.009552156049605751;0.048505835587509365;0.04426672038324512;0.021910536174800425;0.025501579857902242;0.049918803238612634;0.016046772126119557;0.03162061828535871;0.029795586791549162;0.04487647274117546;0.012368520679137357;0.0013675320931342528;0.0;0.05083929996535052;0.024712948162122748;0.0017134574156841436;0.03538322227963745;0.04512811797894065;0.0;0.0;0.0;0.0;0.0;0.0;0.0;0.0;0.0;0.0;0.0;0.0;0.0;0.0;0.0;0.0;0.0;0.0;0.0;0.0;0.0;0.0;0.0;0.0;0.0;0.0;0.0;0.0;0.0;0.0;0.0;0.0;0.0;0.0;0.016638551706471924
rnz.co.nz;0.2925606049947334;0.047546548547467225;0.057666962603956935;0.07859865551561726;0.38930961439945416;0.05703719680629048;0.02629620132145727;0.025832009491458127;0.0;0.0;0.0;0.0;0.0;0.0;0.0;0.0;0.0;0.0;0.0;0.0;0.0;0.0;0.0;0.0;0.0;0.0;0.0;0.0;0.0;0.0;0.0;0.0;0.0;0.0;0.0;0.0;0.0;0.0;0.0;0.0;0.0;0.0;0.0;0.0;0.0;0.0;0.0;0.0;0.0;0.0;0.0;0.0;0.0;0.0;0.0;0.0;0.0;0.0;0.0;0.0;0.0;0.0;0.0;0.0;0.0;0.0;0.0;0.0;0.0;0.0;0.0;0.02515220631956516
elcomercio.pe;0.068883459221359;0.014843912180018291;0.023468473669313743;0.012516735973667037;0.004546592257010593;0.06710609582073503;0.028023335876830428;0.0133026088939268;0.07314306754779544;0.024384554077719132;0.06578571170536177;0.00027371568677174283;0.08495348522391437;0.07188699282086138;0.08127565960610596;0.039562480375358984;0.07648706687001057;0.08193482824518583;0.08091790742895147;0.06545207951012087;0.0;0.010242161396557257;0.0;0.0;0.0;0.0;0.0;0.0;0.0;0.0;0.0;0.0;0.0;0.0;0.0;0.0;0.0;0.0;0.0;0.0;0.0;0.0;0.0;0.0;0.0;0.0;0.0;0.0;0.0;0.0;0.0;0.0;0.0;0.0;0.0;0.0;0.0;0.0;0.0;0.0;0.0;0.0;0.0;0.0;0.0;0.0;0.0;0.0;0.0;0.0;0.0;0.011009075612424321
larepublica.pe;0.01643667249389989;0.006737128554896713;0.00746196961826202;0.013675431591118118;0.0484634114860339;0.04453175733840209;0.07050837996220817;0.05762921503595466;0.07017164745111279;0.01367201437114345;0.0746699980447824;0.0811912300945729;0.02087670036907496;0.07167513769701363;0.02142889237236357;0.08062817485126611;0.04936152539179982;0.009562708883573568;0.012333179943032438;0.03559372245921859;0.0069565273893029324;0.08165251057294515;0.0482888652631365;0.0;0.02469524703385608;0.0;0.0;0.0;0.0;0.0;0.0;0.0;0.0;0.0;0.0;0.0;0.0;0.0;0.0;0.0;0.0;0.0;0.0;0.0;0.0;0.0;0.0;0.0;0.0;0.0;0.0;0.0;0.0;0.0;0.0;0.0;0.0;0.0;0.0;0.0;0.0;0.0;0.0;0.0;0.0;0.0;0.0;0.0;0.0;0.0;0.0;0.03179795173102959
rpp.pe;0.005939345115158993;0.006585423440196554;0.033009169506728955;0.037643219232946536;0.04413990061485141;0.033278075713066235;0.025141888186434883;0.026389353310962316;0.016668207226664115;0.013112606367875637;0.0386250324698032;0.05063304080936398;0.039632439718206125;0.017852316254727;0.04746099677186932;0.028329335414204963;0.02805454292586052;0.02764056373565418;0.013241283090191784;0.04375847476670674;0.0020867069580770567;0.010789284103950024;0.01674515627286904;0.0;0.026178039341093685;0.011412595028307762;0.04609775608530795;0.035081742680205905;0.008937298007000084;0.0021770692979536164;0.04089995395861531;0.04670862830787739;0.013475869096353784;0.03979848067919498;0.004457752258119624;0.028541866864129524;0.006430503865772617;0.04839044594800589;0.03241649502856389;0.0;0.0;0.0;0.0;0.0;0.0;0.0;0.0;0.0;0.0;0.0;0.0;0.0;0.0;0.0;0.0;0.0;0.0;0.0;0.0;0.0;0.0;0.0;0.0;0.0;0.0;0.0;0.0;0.0;0.0;0.0;0.0;0.0022391415471286137
adevarul.ro;0.3359074716062581;0.4434781338437173;0.0;0.0;0.0;0.0;0.0;0.0;0.0;0.0;0.0;0.0;0.0;0.0;0.0;0.0;0.0;0.0;0.0;0.0;0.0;0.0;0.0;0.0;0.0;0.0;0.0;0.0;0.0;0.0;0.0;0.0;0.0;0.0;0.0;0.0;0.0;0.0;0.0;0.0;0.0;0.0;0.0;0.0;0.0;0.0;0.0;0.0;0.0;0.0;0.0;0.0;0.0;0.0;0.0;0.0;0.0;0.0;0.0;0.0;0.0;0.0;0.0;0.0;0.0;0.0;0.0;0.0;0.0;0.0;0.0;0.2206143945500246
libertatea.ro;0.05441089353872322;0.029013296866352418;0.0491866102234546;0.007984696343537946;0.020885308197794224;0.05452097304758738;0.04869641663703897;0.031253090784582466;0.004778162634716138;0.04340555473608449;0.012654447828307377;0.04633695088844254;0.026113201815181945;0.04837208891403612;0.005125525759149521;0.02542729096539999;0.001049330409528883;0.053275340051590285;0.024020492019738736;0.027400913135811153;0.002387529144406662;0.033469800426385254;0.01718170850079758;0.053766582247369465;0.03603202166471715;0.05475790543686795;0.04784209394247944;0.04644983643606743;0.02811738844862196;0.006049899217408203;0.0;0.026013569439492516;0.0;0.0;0.0;0.0;0.0;0.0;0.0;0.0;0.0;0.0;0.0;0.0;0.0;0.0;0.0;0.0;0.0;0.0;0.0;0.0;0.0;0.0;0.0;0.0;0.0;0.0;0.0;0.0;0.0;0.0;0.0;0.0;0.0;0.0;0.0;0.0;0.0;0.0;0.0;0.03402108029832797
stiripesurse.ro;0.03398923900451375;0.011571837262103642;0.026221665388451425;0.03343242382967218;0.006196225821950308;0.03527973475434835;0.0200767463735535;0.0488313938588017;0.03738504099438862;0.046148909586943364;0.05440986578613545;0.011220317342245191;0.023280266606869045;0.02637744364462001;0.0030676991549851416;0.03436907163787886;0.028440683638445707;0.0033517447029123484;0.04729530372230712;0.041627459474494304;0.019819731303572275;0.02100058246280039;0.027448639935062545;0.04892822925388445;0.0023466683153509373;0.04886033459366518;0.0555618128216628;0.026588947352727158;0.05198428580831749;0.014704563111031532;0.04065958591290875;0.047003277534920285;0.017821174774701434;0.0;0.0;0.0;0.0;0.0;0.0;0.0;0.0;0.0;0.0;0.0;0.0;0.0;0.0;0.0;0.0;0.0;0.0;0.0;0.0;0.0;0.0;0.0;0.0;0.0;0.0;0.0;0.0;0.0;0.0;0.0;0.0;0.0;0.0;0.0;0.0;0.0;0.0;0.004699094233774634
sapo.pt;0.033189347576982706;0.037947002579138925;0.040425879191291286;0.01663384035451485;0.06575029895157077;0.008445061654683284;0.05882260416028483;0.04239991325630069;0.013687612261815566;0.00011086034215990006;0.012466668949990399;0.06377240676997886;0.043749814174732525;0.06336899421664638;0.0076815615010458905;0.03071177543788917;0.025761500341703426;0.042766601017734496;0.055247003157643776;0.018834217771959257;0.0476621336385224;0.01795086784838864;0.03808796209759709;0.025524939807503647;0.051304991787570815;0.045828611102392884;0.0;0.025533512451395353;0.0136552115683529;0.0;0.0;0.0;0.0;0.0;0.0;0.0;0.0;0.0;0.0;0.0;0.0;0.0;0.0;0.0;0.0;0.0;0.0;0.0;0.0;0.0;0.0;0.0;0.0;0.0;0.0;0.0;0.0;0.0;0.0;0.0;0.0;0.0;0.0;0.0;0.0;0.0;0.0;0.0;0.0;0.0;0.0;0.052678806030209316
record.pt;0.01917487258881534;0.018109528714752625;0.007745483248175701;0.006539025133472584;0.033251481563472886;0.03553041182587097;0.0013466872250638426;0.03585547947748912;0.017115521608231918;0.0017845254643029192;0.036452969187787884;0.035574445113041836;0.012902473025380348;0.03452541437037545;0.006231118699635358;0.015230500165309253;0.001753891274047536;0.004237116800156726;0.002167029059985539;0.01811982551536619;0.03711853208345552;0.02536026094373541;0.037195465740980295;0.033230300252163884;0.03398743135385283;0.03330898704378359;0.01620700160516908;0.0025651262991652052;0.02985248518433684;0.014851449518118337;0.014786396989296431;0.0185783052760069;0.004036434955505867;0.011539428798605287;0.02436160445071209;0.016752437066164125;0.03470474546276731;0.0171629901820105;0.03529684610745481;0.031905470873573996;0.015373940356473903;0.021951612597587156;0.031155651041689825;0.012824008298126728;0.03251760966156143;0.0267706482848906;0.025786069791353575;0.0;0.0;0.0;0.0;0.0;0.0;0.0;0.0;0.0;0.0;0.0;0.0;0.0;0.0;0.0;0.0;0.0;0.0;0.0;0.0;0.0;0.0;0.0;0.0;0.017170959720724622
iol.pt;0.023717334975420442;0.06078241238011125;0.13366825491004322;0.1186483953394126;0.12277087412834108;0.049848293047544685;0.05460128968353085;0.11204944187293737;0.0718299104;0.11189613649322762;0.015055988205856134;0.0008477639247441923;0.0;0.016207001605168803;0.0;0.0;0.0;0.0;0.0;0.0;0.0;0.0;0.0;0.0;0.0;0.0;0.0;0.0;0.0;0.0;0.0;0.0;0.0;0.0;0.0;0.0;0.0;0.0;0.0;0.0;0.0;0.0;0.0;0.0;0.0;0.0;0.0;0.0;0.0;0.0;0.0;0.0;0.0;0.0;0.0;0.0;0.0;0.0;0.0;0.0;0.0;0.0;0.0;0.0;0.0;0.0;0.0;0.0;0.0;0.0;0.0;0.10807690303355509
publico.pt;0.024326810086741524;0.01767993922706525;0.08006758975839227;0.09036056604688766;0.0020822884410272463;0.0680815436183101;0.08980206947474985;0.025724113522409824;0.08889951069107034;0.04313069376454698;0.07190577320519453;0.010956048289004377;0.0890801017029893;0.045852004847919715;0.016279202819308027;0.09466254507038982;0.009417365212559705;0.0;0.07249306750628608;0.0;0.0;0.0;0.0;0.0;0.0;0.0;0.0;0.0;0.0;0.0;0.0;0.0;0.0;0.0;0.0;0.0;0.0;0.0;0.0;0.0;0.0;0.0;0.0;0.0;0.0;0.0;0.0;0.0;0.0;0.0;0.0;0.0;0.0;0.0;0.0;0.0;0.0;0.0;0.0;0.0;0.0;0.0;0.0;0.0;0.0;0.0;0.0;0.0;0.0;0.0;0.0;0.05919876671514737
cmjornal.pt;0.03184391736118918;0.014444155693660525;0.028496676691242857;0.042234312140138806;0.039480715414122465;0.05062900583383797;0.01187874385410333;0.033614248388886936;0.05159058854230995;0.0025823108383766376;0.026053776647550653;0.01827401645712183;0.0009413673286479203;0.015963317243717495;0.000138550469780422;0.029867496603437193;0.03175112702208263;0.03157086473418297;0.04757193485266132;0.01821153667860591;0.05582194411918432;0.03402311867995536;0.05356447873911117;0.035093227362831436;0.015004800851211425;0.04616135484145334;0.03364790124781069;0.03803165436518978;0.0007094905040576593;0.04988191369339598;0.0031784959814736176;0.042029406253692184;0.010770174079673381;0.0;0.0;0.0;0.0;0.0;0.0;0.0;0.0;0.0;0.0;0.0;0.0;0.0;0.0;0.0;0.0;0.0;0.0;0.0;0.0;0.0;0.0;0.0;0.0;0.0;0.0;0.0;0.0;0.0;0.0;0.0;0.0;0.0;0.0;0.0;0.0;0.0;0.0;0.054943376485302606
kurir.rs;0.08208882192713553;0.018035226714107545;0.005676512946694803;0.007935877318760932;0.028275522301431436;0.03772930117739615;0.002934341706037874;0.0647438034890019;0.023318851980307503;0.06597683916003569;0.05845628774059796;0.0076080655695688285;0.06024298520440685;0.04929941018572497;0.06690727297868941;0.059930610427802324;0.05858336738848704;0.04127736744216729;0.03605206551973116;0.010695998065796693;0.07552187462861763;0.01589228115789152;0.01725420349066409;0.003006663440861709;0.03168808417370372;0.0;0.0;0.0;0.0;0.0;0.0;0.0;0.0;0.0;0.0;0.0;0.0;0.0;0.0;0.0;0.0;0.0;0.0;0.0;0.0;0.0;0.0;0.0;0.0;0.0;0.0;0.0;0.0;0.0;0.0;0.0;0.0;0.0;0.0;0.0;0.0;0.0;0.0;0.0;0.0;0.0;0.0;0.0;0.0;0.0;0.0;0.0708683638643795
blic.rs;0.016455072041145033;0.04310825738114766;0.014172520231348537;0.008823509057313779;0.04377606691030705;0.038968308244936606;0.028007297473768143;0.014617436745478996;0.01378184644140514;0.045215898414445795;0.0012740904440886605;0.030718745689147783;0.0045394464984815615;0.009688271713472642;0.019728548540847008;0.0;0.0381064336675004;0.03188825616123549;0.045111311322610564;0.02848420903243092;0.0026026105768421817;0.023100976667605425;0.0;0.04455619580428888;0.030075834325682508;0.017442195072911677;0.03907882150388569;0.005678703318072204;0.00216021436518151;0.018205058610068017;0.007479437872761072;0.02112073205762039;0.006084473182213882;0.010883790782956706;0.03148365265891105;0.02717749237215413;0.020976927268337102;0.02271432563138605;0.03718562915646383;0.03663803061266385;0.034596142339583295;0.004706297190404958;0.011231990125531752;0.016894898878045145;0.017254203490664033;0.0;0.0;0.0;0.0;0.0;0.0;0.0;0.0;0.0;0.0;0.0;0.0;0.0;0.0;0.0;0.0;0.0;0.0;0.0;0.0;0.0;0.0;0.0;0.0;0.0;0.0;0.03420584012465291
telegraf.rs;0.012480260103203201;0.12745729283443857;0.10122934618104273;0.092414847793869;0.04866102108416481;0.07045366187789563;0.16777289201131526;0.007379917017768136;0.2100981502451952;0.0772858043823497;0.003502500492708752;0.0;0.0;0.0;0.0;0.0;0.0;0.0;0.0;0.0;0.0;0.0;0.0;0.0;0.0;0.0;0.0;0.0;0.0;0.0;0.0;0.0;0.0;0.0;0.0;0.0;0.0;0.0;0.0;0.0;0.0;0.0;0.0;0.0;0.0;0.0;0.0;0.0;0.0;0.0;0.0;0.0;0.0;0.0;0.0;0.0;0.0;0.0;0.0;0.0;0.0;0.0;0.0;0.0;0.0;0.0;0.0;0.0;0.0;0.0;0.0;0.08126430597604904
mondo.rs;0.05893025301727318;0.023222687045580913;0.10101015349211194;0.08128654447189528;0.18246227526102107;0.15779596564705686;0.10930855144842262;0.2165418559906916;0.0;0.0;0.0;0.0;0.0;0.0;0.0;0.0;0.0;0.0;0.0;0.0;0.0;0.0;0.0;0.0;0.0;0.0;0.0;0.0;0.0;0.0;0.0;0.0;0.0;0.0;0.0;0.0;0.0;0.0;0.0;0.0;0.0;0.0;0.0;0.0;0.0;0.0;0.0;0.0;0.0;0.0;0.0;0.0;0.0;0.0;0.0;0.0;0.0;0.0;0.0;0.0;0.0;0.0;0.0;0.0;0.0;0.0;0.0;0.0;0.0;0.0;0.0;0.06944171362594673
larepublica.pe;0.00446899597698739;0.05596594438126276;0.058573416563647125;0.03585015585742772;0.05618684203205163;0.039841848128285916;0.04874348188264234;0.0602515689251199;0.02858612842628688;0.07075337204404386;0.0328090524535501;0.07700939106197556;0.05276436540075584;0.05544608352649018;0.0002803514282005823;0.054398537452633455;0.060860058235319085;0.03322571051330548;0.0;0.03706450098258337;0.0066321402734280605;0.0047716053345034076;0.017937174328880975;0.041921662433746634;0.016346367869876366;0.0;0.0;0.0;0.0;0.0;0.0;0.0;0.0;0.0;0.0;0.0;0.0;0.0;0.0;0.0;0.0;0.0;0.0;0.0;0.0;0.0;0.0;0.0;0.0;0.0;0.0;0.0;0.0;0.0;0.0;0.0;0.0;0.0;0.0;0.0;0.0;0.0;0.0;0.0;0.0;0.0;0.0;0.0;0.0;0.0;0.0;0.049311244486995275
primicia.com.ve;0.040506347390109984;0.02379885862782236;0.0027830320616738413;0.046803976145609424;0.04242802531124525;0.01654516034179486;0.04668586467164777;0.04157438470083585;0.01688370698334639;0.025127308502396473;0.0;0.005679828117024135;0.024783591584512148;0.03213434893800371;0.01407367274886488;0.028497751990493408;0.010831446395467213;0.0338614569878464;0.037853864265345205;0.018936110410044445;0.009567653409249626;0.033115361739596505;0.035316430340867684;0.014470765959761987;0.0009013503722316465;0.023187479660709658;0.03847228406357168;0.04769408704589797;0.022772334361031488;0.03985177249578852;0.025162323853044087;0.010157060379295537;0.020825162148535473;0.022579006949964123;0.039351472930183914;0.003253721541190834;0.03730958090682122;0.01620199532587801;0.010188832878372486;0.024215773966073963;0.0;0.0;0.0;0.0;0.0;0.0;0.0;0.0;0.0;0.0;0.0;0.0;0.0;0.0;0.0;0.0;0.0;0.0;0.0;0.0;0.0;0.0;0.0;0.0;0.0;0.0;0.0;0.0;0.0;0.0;0.0;0.01561681349784951
vnexpress.net;0.10402895831211194;0.08384064824550434;0.110132784686429;0.06681623670793109;0.09794971703521872;0.05313295732124445;0.006114195182936026;0.02651110976945704;0.10691402068223628;0.04587340495872778;0.08733099529262614;0.022257463761491954;0.03029705968071555;0.10438402661445192;0.03195070313151471;0.0;0.0;0.0;0.0;0.0;0.0;0.0;0.0;0.0;0.0;0.0;0.0;0.0;0.0;0.0;0.0;0.0;0.0;0.0;0.0;0.0;0.0;0.0;0.0;0.0;0.0;0.0;0.0;0.0;0.0;0.0;0.0;0.0;0.0;0.0;0.0;0.0;0.0;0.0;0.0;0.0;0.0;0.0;0.0;0.0;0.0;0.0;0.0;0.0;0.0;0.0;0.0;0.0;0.0;0.0;0.0;0.022465718617403145
24h.com.vn;0.03546309435258296;0.06442059321138666;0.03839819153379564;0.02467381839592066;0.028367997548291713;0.05608271988223268;0.042547848238975894;0.04748092979515325;0.012468747129055257;0.04125527273152086;0.04459225012019928;0.00048805630694986814;0.0;0.07213645023982218;0.06567492523970335;0.025372745943084876;0.012292316522408921;0.023918199774939072;0.06176794314648311;0.048461722565381664;0.02776817253120564;0.04088536206581244;0.0;0.04658083253327185;0.03739726634484503;0.03195070313151452;0.0;0.0;0.0;0.0;0.0;0.0;0.0;0.0;0.0;0.0;0.0;0.0;0.0;0.0;0.0;0.0;0.0;0.0;0.0;0.0;0.0;0.0;0.0;0.0;0.0;0.0;0.0;0.0;0.0;0.0;0.0;0.0;0.0;0.0;0.0;0.0;0.0;0.0;0.0;0.0;0.0;0.0;0.0;0.0;0.0;0.06955384071546271
dantri.com.vn;0.03914956892308706;0.03462244016295471;0.04417792472703616;0.034378691089512886;0.028376409603866757;0.050912492818554436;0.05874558813687007;0.038789848609093784;0.021732276580151737;0.047130038082322766;0.003007352028231561;0.015744093269486698;0.03506728307161964;0.025999655921710847;0.016087723213719277;0.048698004942504015;0.02784062692330963;0.022992896831077605;0.02361866120159184;0.029681483680211174;0.048831401349994884;0.01590191522867887;0.054876734703917004;0.024903857919560745;0.04255946055371714;0.05514560699159829;0.002149162551995062;0.0051953828159448144;0.03731831107594793;0.005134036782814153;0.020646355782637956;0.0;0.0;0.0;0.0;0.0;0.0;0.0;0.0;0.0;0.0;0.0;0.0;0.0;0.0;0.0;0.0;0.0;0.0;0.0;0.0;0.0;0.0;0.0;0.0;0.0;0.0;0.0;0.0;0.0;0.0;0.0;0.0;0.0;0.0;0.0;0.0;0.0;0.0;0.0;0.0;0.040584714426280526
tuoitre.vn;0.004588288681849406;0.0592091630940208;0.025654307576609584;0.026835783568239825;0.03965789888666075;0.06520108405546356;0.061553970881850814;0.04742580995905391;0.03267927058974645;0.052582708126641765;0.031752120027449066;0.010151806781768559;0.05063303284325316;0.006088551463902976;0.05068171328286656;0.031492874332602505;0.05155977512480095;0.0422466202022479;0.03303297475532397;0.02773646234577891;0.02213150908166106;0.06550231643650503;0.002513090050920028;0.0;0.02033509112078593;0.03552804616680817;0.050327839462849217;0.0;0.0;0.0;0.0;0.0;0.0;0.0;0.0;0.0;0.0;0.0;0.0;0.0;0.0;0.0;0.0;0.0;0.0;0.0;0.0;0.0;0.0;0.0;0.0;0.0;0.0;0.0;0.0;0.0;0.0;0.0;0.0;0.0;0.0;0.0;0.0;0.0;0.0;0.0;0.0;0.0;0.0;0.0;0.0;0.05289789110033919
thanhnien.vn;0.01329259752894343;0.023642836145639296;0.03901827105115311;0.028457299618612875;0.050041187069072415;0.03185607059398237;0.0333947395346911;0.04223373797279822;0.02927407005966885;0.05011501723109512;0.0429557183025612;0.0591620549810888;0.07931967766980967;0.017063448410381026;0.0533286975914836;0.028820447676347727;0.05648561605335072;0.07802960144800332;0.014883384369844259;0.058755527451975764;0.05072691762772882;0.011863529186002444;0.04204882091750775;0.0;0.04923455315733168;0.0;0.0;0.0;0.0;0.0;0.0;0.0;0.0;0.0;0.0;0.0;0.0;0.0;0.0;0.0;0.0;0.0;0.0;0.0;0.0;0.0;0.0;0.0;0.0;0.0;0.0;0.0;0.0;0.0;0.0;0.0;0.0;0.0;0.0;0.0;0.0;0.0;0.0;0.0;0.0;0.0;0.0;0.0;0.0;0.0;0.0;0.015996178350926468
khaleejtimes.com;0.021828784165339843;0.0037379504638951283;0.03647057601325418;0.009887118154000124;0.036493437841622914;0.034204433498655706;0.0350527430962538;0.029497649398658864;0.0225990980746007;0.0018649264698453684;0.006296853024790641;0.024076383056885954;0.009013201944878287;0.014904146707473509;0.03134487558978006;0.028862945632598638;0.02645111241584395;0.015571425307317912;0.03280727130080487;0.008013705558995273;0.023031332057351316;0.03551632902580791;0.030688470635606806;0.013075960013539735;0.013162997080285345;0.03502188927944713;0.0335935289692823;0.018748081417129754;0.017100014973299656;0.011939874702272828;0.0;0.03510628724318225;0.01286450036092627;0.016213570209083705;0.03178463970710182;0.008909330442166345;0.0339301561844325;0.03073055274003957;0.018716967598063603;0.03151085180939747;0.017192211233917773;0.009327795492092202;0.024167919873152772;0.01616003799145269;0.0;0.02266289146346379;0.0;0.0;0.0;0.0;0.0;0.0;0.0;0.0;0.0;0.0;0.0;0.0;0.0;0.0;0.0;0.0;0.0;0.0;0.0;0.0;0.0;0.0;0.0;0.0;0.0;0.02986517178200874
gulfnews.com;0.016246148246979588;0.03566164783223305;0.005290370594499938;0.03508554394049363;0.026501151561557343;0.02212136304177506;0.005137620316528721;0.01687427113353372;0.033031845101892825;0.01282587441767707;0.03729778268982323;0.006858299335308753;0.015262571702679325;0.0014652849184133045;0.023807224476201955;0.029170402355409318;0.0360226961060267;0.003673057074159276;0.017353839702622782;0.01230355327911722;0.00420168120664796;0.034604427790354844;0.0212945028130918;0.037499418141168875;0.013627939339889905;0.03731426562569992;0.0017008524004992998;0.001740211930237993;0.022878177698360487;0.0037989116710100174;0.0075188953415975535;0.029186762434333473;0.016511133696347116;0.007866895490886344;0.029334593107201438;0.0012356452275348456;0.007302826683688572;0.014695494306316012;0.03504633070963378;0.010825547747038677;0.02578944229305596;0.0012211452719092981;0.00889503755429292;0.020957664927179636;0.003831369594578655;0.0320652590742636;0.03529374547061416;0.01651298028705966;0.007395444097176458;0.030383373989721994;0.005760880340085025;0.016178825301595156;0.0305621802301969;0.0020680500695517846;0.021329134702661245;0.0;0.0;0.0;0.0;0.0;0.0;0.0;0.0;0.0;0.0;0.0;0.0;0.0;0.0;0.0;0.0;0.011580405607585859
manoramaonline.com;0.08107663186759044;0.021759849510885717;0.005366425823268867;0.07774403969554211;0.07567536580048798;0.07219494538071332;0.0925196903297931;0.030799222279255124;0.03659926677804018;0.07115186660228344;0.04525309866559516;0.02086249357604636;0.07425790805024614;0.07635377947100785;0.025717838123190548;0.028840243045028482;0.06565075941544189;0.007518895341597136;0.0;0.0;0.0;0.0;0.0;0.0;0.0;0.0;0.0;0.0;0.0;0.0;0.0;0.0;0.0;0.0;0.0;0.0;0.0;0.0;0.0;0.0;0.0;0.0;0.0;0.0;0.0;0.0;0.0;0.0;0.0;0.0;0.0;0.0;0.0;0.0;0.0;0.0;0.0;0.0;0.0;0.0;0.0;0.0;0.0;0.0;0.0;0.0;0.0;0.0;0.0;0.0;0.0;0.0906576802439864
mathrubhumi.com;0.004937026619558686;0.02430461982903247;0.05991833503111488;0.05228252088213738;0.006104047468046431;0.009052108426693236;0.02810920217102924;0.00668309519419489;0.07432548080678857;0.0686860476333291;0.024299250049278725;0.012408554689967476;0.013039236427638495;0.06941912928271927;0.006713733564053834;0.057770397101015176;0.04600981961232141;0.04308868102712414;0.051313229486393275;0.0;0.031689727837411856;0.03795822600453408;0.06276023094663792;0.0038348720513324453;0.041671288465861316;0.06194473011096253;0.08387267481260478;0.0;0.0;0.0;0.0;0.0;0.0;0.0;0.0;0.0;0.0;0.0;0.0;0.0;0.0;0.0;0.0;0.0;0.0;0.0;0.0;0.0;0.0;0.0;0.0;0.0;0.0;0.0;0.0;0.0;0.0;0.0;0.0;0.0;0.0;0.0;0.0;0.0;0.0;0.0;0.0;0.0;0.0;0.0;0.0;0.017803734468218115
index.hr;0.07159787752481528;0.031742951699010966;0.05070389968272408;0.038451489201304;0.07991699945913222;0.030773538783210017;0.032644938440801366;0.08153648377341927;0.07566953113495663;0.05534658122995806;0.073647261283221;0.0014151864149264015;0.029767969876508992;0.0479497395270401;0.03094106305639558;0.0;0.051803182823233485;0.048660315959268965;0.03971530135244397;0.0440484846057822;0.0;0.06424642665767147;0.0;0.0;0.0;0.0;0.0;0.0;0.0;0.0;0.0;0.0;0.0;0.0;0.0;0.0;0.0;0.0;0.0;0.0;0.0;0.0;0.0;0.0;0.0;0.0;0.0;0.0;0.0;0.0;0.0;0.0;0.0;0.0;0.0;0.0;0.0;0.0;0.0;0.0;0.0;0.0;0.0;0.0;0.0;0.0;0.0;0.0;0.0;0.0;0.0;0.01942077751417597
jutarnji.hr;0.06824971193605367;0.0562041899427671;0.04135172262270578;0.03617959324885182;0.04253948317413641;0.013967070264916476;0.0025287386807205186;0.03356958533782595;0.05836125019331885;0.07703460700270633;0.06545190363777359;0.017778609674433475;0.0029652718214381755;0.022645831018780302;0.008735369270907874;0.005166450114205073;0.019647783837790245;0.002554281144752798;0.08402520210469523;0.02526191798078813;0.03819012482742978;0.010957411181189272;0.07980526279039603;0.058183056528509365;0.013808452841157443;0.025720381038633413;0.04358672282393722;0.01582707006711584;0.0;0.0;0.0;0.0;0.0;0.0;0.0;0.0;0.0;0.0;0.0;0.0;0.0;0.0;0.0;0.0;0.0;0.0;0.0;0.0;0.0;0.0;0.0;0.0;0.0;0.0;0.0;0.0;0.0;0.0;0.0;0.0;0.0;0.0;0.0;0.0;0.0;0.0;0.0;0.0;0.0;0.0;0.0;0.029702944892063998
vecernji.hr;0.02068137139137616;0.1343551793117541;0.10163244909541859;0.17384276561840706;0.11200782027058986;0.17197897557424618;0.08136597718615153;0.054864779484287744;0.0494671392812328;0.013178277576816555;0.054017194894545435;0.0;0.0;0.0;0.0;0.0;0.0;0.0;0.0;0.0;0.0;0.0;0.0;0.0;0.0;0.0;0.0;0.0;0.0;0.0;0.0;0.0;0.0;0.0;0.0;0.0;0.0;0.0;0.0;0.0;0.0;0.0;0.0;0.0;0.0;0.0;0.0;0.0;0.0;0.0;0.0;0.0;0.0;0.0;0.0;0.0;0.0;0.0;0.0;0.0;0.0;0.0;0.0;0.0;0.0;0.0;0.0;0.0;0.0;0.0;0.0;0.03260807031517385
24sata.hr;0.028915050460057923;0.015236858152491909;0.06559699015742027;0.013163978253324993;0.09631818745358797;0.04333586719495123;0.011527761749543881;0.003838916274753871;0.0969505446836555;0.10104385004638076;0.044903254431448734;0.0482829612820272;0.11389690278963;0.09764008525962532;0.023340527707886416;0.04351696044860685;0.0177296728519121;0.06719547247136208;0.0;0.0;0.0;0.0;0.0;0.0;0.0;0.0;0.0;0.0;0.0;0.0;0.0;0.0;0.0;0.0;0.0;0.0;0.0;0.0;0.0;0.0;0.0;0.0;0.0;0.0;0.0;0.0;0.0;0.0;0.0;0.0;0.0;0.0;0.0;0.0;0.0;0.0;0.0;0.0;0.0;0.0;0.0;0.0;0.0;0.0;0.0;0.0;0.0;0.0;0.0;0.0;0.0;0.06756615833133313
slobodnadalmacija.hr;0.12198176037754725;0.04191220135055995;0.12443382978576005;0.024762260712563603;0.06289424966111619;0.10291005710456427;0.14181505597683694;0.1415199031975986;0.061082756528482725;0.0;0.09053600017924844;0.0;0.0;0.0;0.0;0.0;0.0;0.0;0.0;0.0;0.0;0.0;0.0;0.0;0.0;0.0;0.0;0.0;0.0;0.0;0.0;0.0;0.0;0.0;0.0;0.0;0.0;0.0;0.0;0.0;0.0;0.0;0.0;0.0;0.0;0.0;0.0;0.0;0.0;0.0;0.0;0.0;0.0;0.0;0.0;0.0;0.0;0.0;0.0;0.0;0.0;0.0;0.0;0.0;0.0;0.0;0.0;0.0;0.0;0.0;0.0;0.08615192512572205
news24.com;0.11474704430858597;0.04242914407259548;0.025115677177529168;0.1154197183407824;0.10480666880481743;0.09574548609483904;0.11087044080044599;0.013402841885653664;0.0582248090082317;0.0611483686838277;0.09060705861448892;0.036801848405979824;0.1228029872840708;0.0;0.0;0.0;0.0;0.0;0.0;0.0;0.0;0.0;0.0;0.0;0.0;0.0;0.0;0.0;0.0;0.0;0.0;0.0;0.0;0.0;0.0;0.0;0.0;0.0;0.0;0.0;0.0;0.0;0.0;0.0;0.0;0.0;0.0;0.0;0.0;0.0;0.0;0.0;0.0;0.0;0.0;0.0;0.0;0.0;0.0;0.0;0.0;0.0;0.0;0.0;0.0;0.0;0.0;0.0;0.0;0.0;0.0;0.007877906518152056
timeslive.co.za;0.07762750721700636;0.04231564749839034;0.06736823198254699;0.025322231704466288;0.07149746624578353;0.026853853074176426;0.0;0.07337316628341528;0.0009587950129806144;0.0600486584489556;0.08032563943399085;0.009707077991372784;0.061316496610485466;0.0175554608597996;0.015499113373423613;0.03710976552936346;0.014923850031352296;0.0011480903320435615;0.0166556642353296;0.04937307824641151;0.03791886203486723;0.040479914918109344;0.0;0.009395020008221552;0.0;0.016421681368634446;0.12280298728407076;0.0;0.0;0.0;0.0;0.0;0.0;0.0;0.0;0.0;0.0;0.0;0.0;0.0;0.0;0.0;0.0;0.0;0.0;0.0;0.0;0.0;0.0;0.0;0.0;0.0;0.0;0.0;0.0;0.0;0.0;0.0;0.0;0.0;0.0;0.0;0.0;0.0;0.0;0.0;0.0;0.0;0.0;0.0;0.0;0.02400174027480251
citizen.co.za;0.03121437944291812;0.002787804129433071;0.00793375699486701;0.03237058261453187;0.016327543569471813;0.007901271152922664;0.025186509550469312;0.03717691133305002;0.0047981313289685275;0.020341964864764004;0.025364982058293916;0.021315661662194004;0.006433791246881704;0.03287254609817004;0.03031127139467407;0.02857615192330465;0.021800690217377017;0.021763071405178257;0.03740796087977668;0.00912289420965755;0.035591470010485356;0.030908485425681875;0.007421405379975716;0.02043344976268641;0.015488079334672063;0.006767150298916062;0.03377491686626743;0.00393136603787974;0.007688107505773765;0.008976483413995977;0.015440268495642152;0.0044167053008626975;0.015271985351364937;0.004669915232024968;0.03413933246071623;0.022648699881466852;0.03745166331379969;0.005054005319319092;0.007042550623118438;0.017287855496135634;0.0076848583548431455;0.011103674281144406;0.022109396532579585;0.016749069735540502;0.01603476211647933;0.029411797232072094;0.03653517072381301;0.006302291413614092;0.0276351107711608;0.0020192673161010368;0.025518056866799744;0.016484160823797486;0.0;0.0;0.0;0.0;0.0;0.0;0.0;0.0;0.0;0.0;0.0;0.0;0.0;0.0;0.0;0.0;0.0;0.0;0.0;0.027000612244365476
ltn.com.tw;0.04311142830812051;0.029433217578114877;0.03278266606817044;0.004891237779481976;0.022709865517174004;0.025813714218062445;0.0105751637095834;0.008315810019455128;0.002523538499543637;0.04262423296312645;0.04277617732103718;0.017738120562068877;0.009853158202487949;0.012509401066712273;0.003334452386270266;0.009100757353503129;0.0332550477601836;0.041549264720187176;0.011374762097146862;0.045821379064270064;0.011460414308717585;0.017684914577408332;0.026675945286195175;0.029395288029571705;0.01893781415810225;0.03497686110822215;0.002022869580564215;0.04506197116834925;0.017661064987339985;0.026450419817661656;0.005472898867702838;0.01144279532955323;0.028328188061374764;0.0361333604715602;0.007722808368056792;0.038660087258264926;0.03380959382236567;0.03451523476063665;0.020851814022863648;0.03014419836065507;0.04652331876258728;0.024406433917283005;0.0;0.0;0.0;0.0;0.0;0.0;0.0;0.0;0.0;0.0;0.0;0.0;0.0;0.0;0.0;0.0;0.0;0.0;0.0;0.0;0.0;0.0;0.0;0.0;0.0;0.0;0.0;0.0;0.0;0.0015683097802631388